,week_num,num,broad_rank,name,broad_share
0,0,0,1,스타,38.4%
1,0,1,2,LoL,19%
2,0,2,3,배틀그라운드,14.1%
3,0,3,4,서든어택,6.5%
4,0,4,5,종합게임,4.5%
5,0,5,6,던전앤파이터 모바일,2.9%
6,0,6,7,피파온라인4,3.1%
7,0,7,8,메이플스토리,1.2%
8,0,8,9,로스트아크,1%
9,0,9,10,세븐나이츠 레볼루션,0.9%
10,0,10,11,리니지M,0.6%
11,0,11,12,TFT,0.6%
12,0,12,13,카트라이더,0.6%
13,0,13,14,아이온,0.5%
14,0,14,15,리니지,0.4%
15,0,15,16,오딘: 발할라 라이징,0.3%
16,0,16,17,스페셜포스,0.3%
17,0,17,18,스타2,0.3%
18,0,18,19,철권,0.3%
19,0,19,20,PC 온라인,0.3%
20,0,20,21,미르M,0.3%
21,0,21,22,모바일 종합게임,0.2%
22,0,22,23,워크래프트,0.2%
23,0,23,24,레트로게임,0.2%
24,0,24,25,디아블로2,0.2%
25,0,25,26,테일즈런너,0.2%
26,0,26,27,던파,0.2%
27,0,27,28,R2,0.1%
28,0,28,29,오버워치,0.1%
29,0,29,30,거상,0.1%
30,1,30,1,스타,40.2%
31,1,31,2,LoL,18.5%
32,1,32,3,배틀그라운드,14.2%
33,1,33,4,서든어택,6.4%
34,1,34,5,피파온라인4,4.9%
35,1,35,6,종합게임,2.9%
36,1,36,7,메이플스토리,1.3%
37,1,37,8,오딘: 발할라 라이징,1.1%
38,1,38,9,던전앤파이터 모바일,1%
39,1,39,10,로스트아크,0.8%
40,1,40,11,리니지M,0.7%
41,1,41,12,카트라이더,0.7%
42,1,42,13,TFT,0.7%
43,1,43,14,아이온,0.6%
44,1,44,15,리니지,0.5%
45,1,45,16,모바일 종합게임,0.5%
46,1,46,17,PC 온라인,0.3%
47,1,47,18,스페셜포스,0.3%
48,1,48,19,스타2,0.3%
49,1,49,20,철권,0.3%
50,1,50,21,워크래프트,0.2%
51,1,51,22,디아블로2,0.2%
52,1,52,23,레트로게임,0.2%
53,1,53,24,제2의 나라,0.2%
54,1,54,25,던파,0.2%
55,1,55,26,테일즈런너,0.2%
56,1,56,27,오버워치,0.2%
57,1,57,28,미르M,0.1%
58,1,58,29,R2,0.1%
59,1,59,30,거상,0.1%
60,2,60,1,스타,38.1%
61,2,61,2,LoL,20.8%
62,2,62,3,배틀그라운드,11.2%
63,2,63,4,서든어택,7.7%
64,2,64,5,피파온라인4,3.3%
65,2,65,6,종합게임,3.2%
66,2,66,7,모바일 종합게임,1.3%
67,2,67,8,메이플스토리,1.3%
68,2,68,9,TFT,1.1%
69,2,69,10,오딘: 발할라 라이징,0.9%
70,2,70,11,던파,1%
71,2,71,12,던전앤파이터 모바일,0.9%
72,2,72,13,세븐나이츠 레볼루션,0.9%
73,2,73,14,리니지M,0.8%
74,2,74,15,로스트아크,0.7%
75,2,75,16,카트라이더,0.6%
76,2,76,17,아이온,0.5%
77,2,77,18,세븐나이츠,0.5%
78,2,78,19,리니지,0.4%
79,2,79,20,철권,0.3%
80,2,80,21,PC 온라인,0.4%
81,2,81,22,스페셜포스,0.3%
82,2,82,23,디아블로2,0.3%
83,2,83,24,워크래프트,0.3%
84,2,84,25,스타2,0.2%
85,2,85,26,레트로게임,0.2%
86,2,86,27,오버워치,0.2%
87,2,87,28,R2,0.2%
88,2,88,29,테일즈런너,0.2%
89,2,89,30,미르M,0.1%
90,3,90,1,스타,35.6%
91,3,91,2,LoL,21.5%
92,3,92,3,배틀그라운드,10.8%
93,3,93,4,서든어택,8.8%
94,3,94,6,폴 가이즈,3.3%
95,3,95,7,종합게임,2.3%
96,3,96,8,메이플스토리,1.9%
97,3,97,9,오딘: 발할라 라이징,1.3%
98,3,98,10,TFT,1%
99,3,99,11,리니지M,1%
100,3,100,12,던전앤파이터 모바일,0.9%
101,3,101,13,로스트아크,0.8%
102,3,102,14,던파,0.7%
103,3,103,15,모바일 종합게임,0.7%
104,3,104,16,카트라이더,0.6%
105,3,105,17,아이온,0.5%
106,3,106,18,리니지,0.4%
107,3,107,19,PC 온라인,0.4%
108,3,108,20,스페셜포스,0.3%
109,3,109,21,디아블로2,0.3%
110,3,110,22,워크래프트,0.2%
111,3,111,23,레트로게임,0.2%
112,3,112,24,오버워치,0.2%
113,3,113,25,미르M,0.2%
114,3,114,26,테일즈런너,0.2%
115,3,115,27,거상,0.1%
116,3,116,28,철권,0.1%
117,3,117,29,R2,0.1%
118,3,118,30,세븐나이츠 레볼루션,0.1%
119,3,119,1,스타,34.1%
120,4,120,2,LoL,24.1%
121,4,121,3,배틀그라운드,8.5%
122,4,122,4,서든어택,6.7%
123,4,123,5,피파온라인4,4.4%
124,4,124,6,종합게임,3.9%
125,4,125,7,메이플스토리,1.8%
126,4,126,8,던파,1.7%
127,4,127,9,던전앤파이터 모바일,1.5%
128,4,128,10,오딘: 발할라 라이징,1.4%
129,4,129,11,TFT,1.2%
130,4,130,12,폴 가이즈,1%
131,4,131,13,리니지M,0.9%
132,4,132,14,카트라이더,0.7%
133,4,133,15,로스트아크,0.6%
134,4,134,16,아이온,0.6%
135,4,135,17,모바일 종합게임,0.6%
136,4,136,18,리니지,0.5%
137,4,137,19,제2의 나라,0.4%
138,4,138,20,PC 온라인,0.4%
139,4,139,21,스페셜포스,0.3%
140,4,140,22,미르M,0.3%
141,4,141,23,스타2,0.3%
142,4,142,24,디아블로2,0.3%
143,4,143,25,철권,0.3%
144,4,144,26,오버워치,0.2%
145,4,145,27,워크래프트,0.2%
146,4,146,28,레트로게임,0.2%
147,4,147,29,리니지W,0.2%
148,4,148,30,테일즈런너,0.2%
149,4,149,1,스타,33.6%
150,5,150,2,LoL,22.6%
151,5,151,3,피파온라인4,8.5%
152,5,152,4,배틀그라운드,7.5%
153,5,153,5,서든어택,6.6%
154,5,154,6,종합게임,4.5%
155,5,155,7,TFT,2%
156,5,156,8,카트라이더,1.8%
157,5,157,9,메이플스토리,1.1%
158,5,158,10,던전앤파이터 모바일,0.9%
159,5,159,11,로스트아크,0.9%
160,5,160,12,던파,0.7%
161,5,161,13,리니지M,0.8%
162,5,162,14,GTA5,0.9%
163,5,163,15,모바일 종합게임,0.6%
164,5,164,16,오딘: 발할라 라이징,0.6%
165,5,165,17,아이온,0.5%
166,5,166,18,제2의 나라,0.5%
167,5,167,19,미르M,0.4%
168,5,168,20,리니지,0.4%
169,5,169,21,PC 온라인,0.4%
170,5,170,22,디아블로2,0.3%
171,5,171,23,스페셜포스,0.3%
172,5,172,24,워크래프트,0.3%
173,5,173,25,레트로게임,0.3%
174,5,174,26,철권,0.2%
175,5,175,27,오버워치,0.2%
176,5,176,28,스타2,0.2%
177,5,177,29,디아블로 이모탈,0.2%
178,5,178,30,리니지W,0.2%
179,5,179,1,스타,34.2%
180,6,180,2,LoL,24.4%
181,6,181,3,배틀그라운드,9.6%
182,6,182,4,서든어택,6.3%
183,6,183,5,종합게임,5.1%
184,6,184,6,피파온라인4,3.9%
185,6,185,7,던전앤파이터 모바일,2.2%
186,6,186,8,TFT,2.2%
187,6,187,9,카트라이더,1.7%
188,6,188,10,메이플스토리,1.3%
189,6,189,11,리니지M,0.8%
190,6,190,12,로스트아크,0.8%
191,6,191,13,오딘: 발할라 라이징,0.5%
192,6,192,14,아이온,0.5%
193,6,193,15,베일드 엑스퍼트,0.5%
194,6,194,16,철권,0.4%
195,6,195,17,리니지,0.3%
196,6,196,18,PC 온라인,0.3%
197,6,197,19,디아블로2,0.3%
198,6,198,20,워크래프트,0.3%
199,6,199,21,스페셜포스,0.3%
200,6,200,22,세븐나이츠,0.3%
201,6,201,23,던파,0.3%
202,6,202,24,스타2,0.2%
203,6,203,25,디아블로 이모탈,0.2%
204,6,204,26,오버워치,0.2%
205,6,205,27,모바일 종합게임,0.2%
206,6,206,29,리니지W,0.2%
207,6,207,30,거상,0.2%
208,6,208,1,스타,39.1%
209,6,209,2,LoL,26.6%
210,7,210,3,배틀그라운드,7.6%
211,7,211,4,서든어택,6.8%
212,7,212,5,피파온라인4,3.1%
213,7,213,6,디아블로 이모탈,1.8%
214,7,214,7,메이플스토리,1.5%
215,7,215,8,종합게임,1.5%
216,7,216,9,던전앤파이터 모바일,1.2%
217,7,217,10,TFT,1%
218,7,218,11,카트라이더,1%
219,7,219,12,로스트아크,0.8%
220,7,220,13,리니지M,0.8%
221,7,221,14,던파,0.8%
222,7,222,15,아이온,0.5%
223,7,223,16,오딘: 발할라 라이징,0.4%
224,7,224,17,리니지,0.4%
225,7,225,18,철권,0.3%
226,7,226,19,디아블로2,0.4%
227,7,227,20,PC 온라인,0.3%
228,7,228,22,워크래프트,0.3%
229,7,229,23,오버워치,0.2%
230,7,230,24,스타2,0.2%
231,7,231,25,레트로게임,0.2%
232,7,232,26,리니지W,0.2%
233,7,233,27,베일드 엑스퍼트,0.2%
234,7,234,28,모바일 종합게임,0.2%
235,7,235,29,거상,0.2%
236,7,236,30,테일즈런너,0.1%
237,7,237,1,스타,41.3%
238,7,238,2,LoL,22.3%
239,7,239,3,서든어택,8.8%
240,8,240,4,배틀그라운드,8.3%
241,8,241,5,피파온라인4,3.4%
242,8,242,6,던전앤파이터 모바일,2.4%
243,8,243,7,종합게임,2%
244,8,244,8,메이플스토리,1.2%
245,8,245,9,카트라이더,1.2%
246,8,246,10,로스트아크,0.9%
247,8,247,11,디아블로 이모탈,0.5%
248,8,248,12,리니지M,0.5%
249,8,249,13,리니지W,0.5%
250,8,250,14,아이온,0.5%
251,8,251,15,TFT,0.4%
252,8,252,16,디아블로2,0.4%
253,8,253,17,이터널 리턴,0.4%
254,8,254,18,오딘: 발할라 라이징,0.3%
255,8,255,19,PC 온라인,0.4%
256,8,256,20,리니지,0.3%
257,8,257,21,스페셜포스,0.3%
258,8,258,22,철권,0.3%
259,8,259,24,워크래프트,0.2%
260,8,260,25,레트로게임,0.2%
261,8,261,26,모바일 종합게임,0.2%
262,8,262,27,던파,0.2%
263,8,263,28,거상,0.2%
264,8,264,29,테일즈런너,0.1%
265,8,265,30,R2,0.1%
266,8,266,1,스타,46.6%
267,8,267,2,LoL,18.3%
268,8,268,3,배틀그라운드,8.1%
269,8,269,4,서든어택,7.8%
270,9,270,5,던전앤파이터 모바일,2.9%
271,9,271,6,피파온라인4,2.7%
272,9,272,7,종합게임,2.4%
273,9,273,8,카트라이더,1.4%
274,9,274,9,메이플스토리,1.1%
275,9,275,10,아이온,0.7%
276,9,276,11,로스트아크,0.7%
277,9,277,12,오딘: 발할라 라이징,0.6%
278,9,278,13,리니지M,0.6%
279,9,279,14,TFT,0.5%
280,9,280,15,디아블로2,0.5%
281,9,281,16,PC 온라인,0.4%
282,9,282,17,리니지,0.3%
283,9,283,18,스페셜포스,0.3%
284,9,284,19,철권,0.3%
285,9,285,20,모바일 종합게임,0.3%
286,9,286,21,워크래프트,0.2%
287,9,287,22,레트로게임,0.2%
288,9,288,23,오버워치,0.2%
289,9,289,24,리니지W,0.2%
290,9,290,25,거상,0.2%
291,9,291,26,던파,0.2%
292,9,292,27,테일즈런너,0.2%
293,9,293,28,R2,0.1%
294,9,294,29,V4,0.1%
295,9,295,30,블레이드앤소울2,0.1%
296,9,296,1,스타,49%
297,9,297,2,LoL,14.3%
298,9,298,3,배틀그라운드,9.1%
299,9,299,5,피파온라인4,5.2%
300,10,300,6,종합게임,4.2%
301,10,301,7,던전앤파이터 모바일,1.3%
302,10,302,8,메이플스토리,1.3%
303,10,303,9,아이온,0.8%
304,10,304,10,로스트아크,0.7%
305,10,305,11,카트라이더,0.6%
306,10,306,12,디아블로2,0.6%
307,10,307,13,모바일 종합게임,0.5%
308,10,308,14,리니지M,0.4%
309,10,309,15,PC 온라인,0.4%
310,10,310,16,오딘: 발할라 라이징,0.3%
311,10,311,17,TFT,0.3%
312,10,312,18,리니지,0.3%
313,10,313,19,오버워치,0.3%
314,10,314,20,스페셜포스,0.3%
315,10,315,21,철권,0.2%
316,10,316,22,리니지W,0.3%
317,10,317,23,워크래프트,0.2%
318,10,318,24,레트로게임,0.2%
319,10,319,25,던파,0.2%
320,10,320,27,거상,0.2%
321,10,321,28,V4,0.1%
322,10,322,29,블레이드앤소울2,0.1%
323,10,323,30,R2,0.1%
324,10,324,1,스타,46%
325,10,325,2,LoL,18.7%
326,10,326,3,배틀그라운드,7.8%
327,10,327,4,서든어택,6.8%
328,10,328,5,피파온라인4,5.7%
329,10,329,6,종합게임,3.1%
330,11,330,7,메이플스토리,1.2%
331,11,331,8,던전앤파이터 모바일,0.9%
332,11,332,9,로스트아크,0.9%
333,11,333,10,카트라이더,0.7%
334,11,334,11,아이온,0.6%
335,11,335,12,디아블로2,0.6%
336,11,336,13,리니지M,0.6%
337,11,337,14,오딘: 발할라 라이징,0.5%
338,11,338,15,TFT,0.4%
339,11,339,16,PC 온라인,0.4%
340,11,340,18,스페셜포스,0.3%
341,11,341,19,오버워치,0.3%
342,11,342,20,워크래프트,0.3%
343,11,343,21,철권,0.3%
344,11,344,22,리니지W,0.3%
345,11,345,23,던파,0.2%
346,11,346,24,레트로게임,0.2%
347,11,347,25,모바일 종합게임,0.2%
348,11,348,27,거상,0.2%
349,11,349,28,발로란트,0.2%
350,11,350,29,블레이드앤소울2,0.1%
351,11,351,30,R2,0.1%
352,11,352,1,스타,48.4%
353,11,353,2,LoL,14.6%
354,11,354,3,배틀그라운드,7.3%
355,11,355,5,피파온라인4,5.4%
356,11,356,7,메이플스토리,1.9%
357,11,357,8,TFT,1.2%
358,11,358,9,던전앤파이터 모바일,1.2%
359,11,359,10,디아블로2,0.7%
360,12,360,11,로스트아크,0.7%
361,12,361,12,아이온,0.6%
362,12,362,13,오딘: 발할라 라이징,0.6%
363,12,363,14,카트라이더,0.6%
364,12,364,15,리니지M,0.4%
365,12,365,16,발로란트,0.4%
366,12,366,17,리니지,0.4%
367,12,367,18,PC 온라인,0.4%
368,12,368,19,배틀그라운드M,0.4%
369,12,369,20,리니지W,0.3%
370,12,370,21,스페셜포스,0.3%
371,12,371,22,스타2,0.3%
372,12,372,23,오버워치,0.3%
373,12,373,24,워크래프트,0.2%
374,12,374,25,레트로게임,0.2%
375,12,375,26,거상,0.2%
376,12,376,27,철권,0.2%
377,12,377,28,던파,0.2%
378,12,378,29,테일즈런너,0.2%
379,12,379,30,모바일 종합게임,0.2%
380,12,380,1,스타,46.4%
381,12,381,2,LoL,14.2%
382,12,382,3,배틀그라운드,6.9%
383,12,383,4,서든어택,6.6%
384,12,384,5,피파온라인4,4.6%
385,12,385,6,종합게임,3.3%
386,12,386,7,던전앤파이터 모바일,2.8%
387,12,387,8,오버워치 2,2.1%
388,12,388,9,메이플스토리,1.5%
389,12,389,10,카트라이더,1.3%
390,13,390,11,로스트아크,1%
391,13,391,12,디아블로2,0.9%
392,13,392,13,아이온,0.7%
393,13,393,14,리니지W,0.6%
394,13,394,15,리니지,0.5%
395,13,395,16,오딘: 발할라 라이징,0.5%
396,13,396,17,TFT,0.5%
397,13,397,18,리니지M,0.4%
398,13,398,19,오버워치,0.4%
399,13,399,20,스타2,0.4%
400,13,400,22,스페셜포스,0.3%
401,13,401,23,워크래프트,0.3%
402,13,402,24,모바일 종합게임,0.3%
403,13,403,25,던파,0.2%
404,13,404,26,레트로게임,0.2%
405,13,405,27,테일즈런너,0.2%
406,13,406,28,거상,0.2%
407,13,407,29,철권,0.1%
408,13,408,30,블레이드앤소울2,0.1%
409,13,409,1,스타,43.8%
410,13,410,2,LoL,12.2%
411,13,411,3,배틀그라운드,11.6%
412,13,412,4,피파온라인4,7.9%
413,13,413,5,서든어택,7.1%
414,13,414,6,종합게임,2.6%
415,13,415,7,던전앤파이터 모바일,2.4%
416,13,416,8,메이플스토리,1.4%
417,13,417,9,오딘: 발할라 라이징,0.7%
418,13,418,10,로스트아크,0.8%
419,13,419,11,아이온,0.6%
420,14,420,12,카트라이더,0.7%
421,14,421,13,TFT,0.6%
422,14,422,14,넷마블 프로야구 202,0.6%
423,14,423,15,모바일 종합게임,0.6%
424,14,424,16,워크래프트,0.4%
425,14,425,17,리니지,0.4%
426,14,426,18,리니지M,0.4%
427,14,427,19,PC 온라인,0.4%
428,14,428,20,오버워치,0.4%
429,14,429,22,철권,0.3%
430,14,430,23,스타2,0.3%
431,14,431,24,던파,0.3%
432,14,432,25,리니지W,0.3%
433,14,433,26,디아블로2,0.2%
434,14,434,27,레트로게임,0.2%
435,14,435,28,테일즈런너,0.2%
436,14,436,30,바람의나라: 연,0.1%
437,14,437,1,스타,40.4%
438,14,438,2,LoL,15.2%
439,14,439,3,서든어택,13%
440,14,440,4,배틀그라운드,9.9%
441,14,441,5,피파온라인4,3.1%
442,14,442,6,던전앤파이터 모바일,2.8%
443,14,443,7,종합게임,2.5%
444,14,444,8,오딘: 발할라 라이징,2%
445,14,445,9,메이플스토리,1.9%
446,14,446,10,로스트아크,0.8%
447,14,447,11,아이온,0.7%
448,14,448,12,카트라이더,0.6%
449,14,449,13,TFT,0.5%
450,15,450,14,리니지M,0.4%
451,15,451,15,PC 온라인,0.4%
452,15,452,16,리니지,0.4%
453,15,453,17,오버워치,0.4%
454,15,454,19,스타2,0.3%
455,15,455,20,던파,0.3%
456,15,456,21,모바일 종합게임,0.3%
457,15,457,22,리니지W,0.3%
458,15,458,23,철권,0.3%
459,15,459,24,디아블로2,0.3%
460,15,460,25,워크래프트,0.2%
461,15,461,26,레트로게임,0.2%
462,15,462,27,테일즈런너,0.2%
463,15,463,28,거상,0.2%
464,15,464,29,넷마블 프로야구 202,0.1%
465,15,465,30,바람의나라: 연,0.1%
466,15,466,1,스타,32.4%
467,15,467,2,LoL,24.2%
468,15,468,3,서든어택,16.3%
469,15,469,4,배틀그라운드,5.5%
470,15,470,5,종합게임,3.1%
471,15,471,6,피파온라인4,2.6%
472,15,472,7,던전앤파이터 모바일,2.1%
473,15,473,8,메이플스토리,1.6%
474,15,474,9,오딘: 발할라 라이징,1.1%
475,15,475,10,던파,1%
476,15,476,11,로스트아크,0.8%
477,15,477,12,배틀그라운드M,0.7%
478,15,478,13,넷마블 프로야구 202,0.6%
479,15,479,14,카트라이더,0.6%
480,16,480,15,아이온,0.5%
481,16,481,16,TFT,0.5%
482,16,482,17,리니지M,0.5%
483,16,483,18,모바일 종합게임,0.4%
484,16,484,19,PC 온라인,0.4%
485,16,485,20,히오스,0.4%
486,16,486,21,리니지,0.4%
487,16,487,23,오버워치,0.3%
488,16,488,24,리니지W,0.3%
489,16,489,25,워크래프트,0.2%
490,16,490,26,철권,0.2%
491,16,491,27,디아블로2,0.2%
492,16,492,28,레트로게임,0.2%
493,16,493,29,테일즈런너,0.2%
494,16,494,30,스타2,0.2%
495,16,495,1,스타,37.3%
496,16,496,2,LoL,29.4%
497,16,497,3,서든어택,6.5%
498,16,498,4,배틀그라운드,5.8%
499,16,499,5,피파온라인4,3.4%
500,16,500,6,던전앤파이터 모바일,2.6%
501,16,501,7,종합게임,2.7%
502,16,502,8,메이플스토리,1.4%
503,16,503,9,카트라이더,1%
504,16,504,11,GTA5,0.7%
505,16,505,12,아이온,0.6%
506,16,506,13,던파,0.6%
507,16,507,14,리니지M,0.5%
508,16,508,15,모바일 종합게임,0.5%
509,16,509,17,PC 온라인,0.4%
510,17,510,18,리니지W,0.4%
511,17,511,19,리니지,0.3%
512,17,512,20,스페셜포스,0.3%
513,17,513,21,오버워치,0.3%
514,17,514,22,워크래프트,0.3%
515,17,515,23,디아블로2,0.2%
516,17,516,24,철권,0.2%
517,17,517,25,테일즈런너,0.2%
518,17,518,26,넷마블 프로야구 202,0.2%
519,17,519,27,레트로게임,0.2%
520,17,520,28,스타2,0.2%
521,17,521,29,오딘: 발할라 라이징,0.2%
522,17,522,30,거상,0.1%
523,17,523,1,스타,32.6%
524,17,524,2,LoL,18.1%
525,17,525,3,피파온라인4,16.1%
526,17,526,4,배틀그라운드,9.2%
527,17,527,5,서든어택,6.2%
528,17,528,6,종합게임,2.8%
529,17,529,7,던전앤파이터M,2%
530,17,530,8,던파,1.7%
531,17,531,9,오딘: 발할라 라이징,1.5%
532,17,532,10,메이플스토리,1%
533,17,533,11,로스트아크,0.8%
534,17,534,12,모바일 종합게임,0.8%
535,17,535,13,리니지M,0.6%
536,17,536,14,카트라이더,0.6%
537,17,537,16,TFT,0.5%
538,17,538,18,PC 온라인,0.4%
539,17,539,19,리니지W,0.3%
540,18,540,20,스페셜포스,0.3%
541,18,541,21,오버워치,0.3%
542,18,542,22,철권,0.3%
543,18,543,23,워크래프트,0.3%
544,18,544,24,디아블로2,0.2%
545,18,545,25,레트로게임,0.2%
546,18,546,26,스타2,0.2%
547,18,547,27,테일즈런너,0.2%
548,18,548,28,거상,0.2%
549,18,549,29,히오스,0.1%
550,18,550,30,언디셈버,0.1%
551,18,551,1,스타,39.2%
552,18,552,2,피파온라인4,15.1%
553,18,553,3,LoL,15.1%
554,18,554,4,서든어택,6.7%
555,18,555,5,배틀그라운드,5.3%
556,18,556,6,종합게임,3.8%
557,18,557,7,모바일 종합게임,2.5%
558,18,558,8,카트라이더,1.7%
559,18,559,9,오딘: 발할라 라이징,1.3%
560,18,560,10,메이플스토리,1.1%
561,18,561,12,아이온,0.6%
562,18,562,13,TFT,0.6%
563,18,563,14,PC 온라인,0.5%
564,18,564,15,리니지,0.4%
565,18,565,16,리니지W,0.4%
566,18,566,17,던파,0.4%
567,18,567,18,철권,0.3%
568,18,568,19,스페셜포스,0.3%
569,18,569,20,오버워치,0.3%
570,19,570,21,워크래프트,0.3%
571,19,571,22,리니지M,0.2%
572,19,572,23,레트로게임,0.2%
573,19,573,24,디아블로2,0.2%
574,19,574,25,언디셈버,0.2%
575,19,575,28,모두의마블,0.1%
576,19,576,29,R2,0.1%
577,19,577,30,버블파이터,0.1%
578,19,578,2,피파온라인4,18.4%
579,19,579,3,LoL,15.5%
580,19,580,4,서든어택,7.3%
581,19,581,5,배틀그라운드,6.1%
582,19,582,6,종합게임,2.5%
583,19,583,7,메이플스토리,1.1%
584,19,584,8,오버워치,1%
585,19,585,9,TFT,0.8%
586,19,586,11,카트라이더,0.7%
587,19,587,12,아이온,0.5%
588,19,588,13,PC 온라인,0.5%
589,19,589,14,리니지W,0.4%
590,19,590,15,오딘: 발할라 라이징,0.5%
591,19,591,16,모바일 종합게임,0.4%
592,19,592,17,리니지,0.3%
593,19,593,18,스페셜포스,0.3%
594,19,594,19,철권,0.3%
595,19,595,20,리니지M,0.3%
596,19,596,21,디아블로2,0.3%
597,19,597,22,모두의마블,0.2%
598,19,598,23,언디셈버,0.2%
599,19,599,24,던파,0.2%
600,20,600,26,워크래프트,0.2%
601,20,601,27,테일즈런너,0.2%
602,20,602,28,거상,0.2%
603,20,603,29,데드 바이 데이라이트,0.2%
604,20,604,30,발로란트,0.1%
605,20,605,2,LoL,19.3%
606,20,606,3,피파온라인4,13.8%
607,20,607,4,서든어택,6.7%
608,20,608,5,배틀그라운드,5.1%
609,20,609,6,종합게임,3.8%
610,20,610,7,카트라이더,1.9%
611,20,611,8,TFT,1.8%
612,20,612,9,메이플스토리,1.2%
613,20,613,10,오딘: 발할라 라이징,0.8%
614,20,614,11,로스트아크,0.8%
615,20,615,12,아이온,0.5%
616,20,616,13,리니지W,0.4%
617,20,617,14,PC 온라인,0.5%
618,20,618,15,스페셜포스,0.3%
619,20,619,16,리니지,0.3%
620,20,620,17,철권,0.3%
621,20,621,18,던파,0.3%
622,20,622,19,오버워치,0.3%
623,20,623,20,디아블로2,0.3%
624,20,624,21,모바일 종합게임,0.2%
625,20,625,22,리니지M,0.2%
626,20,626,23,테일즈런너,0.2%
627,20,627,24,워크래프트,0.2%
628,20,628,25,레트로게임,0.2%
629,20,629,26,언디셈버,0.2%
630,21,630,27,거상,0.1%
631,21,631,28,격투게임,0.1%
632,21,632,29,블레이드앤소울2,0.1%
633,21,633,1,스타,43.6%
634,21,634,2,LoL,20.7%
635,21,635,3,서든어택,6.3%
636,21,636,4,배틀그라운드,5.9%
637,21,637,5,종합게임,5.4%
638,21,638,6,피파온라인4,3.4%
639,21,639,7,카트라이더,1.9%
640,21,640,8,메이플스토리,1.1%
641,21,641,9,커츠펠,1.2%
642,21,642,10,던파,1%
643,21,643,11,TFT,1%
644,21,644,13,리니지W,0.7%
645,21,645,14,아이온,0.6%
646,21,646,15,PC 온라인,0.4%
647,21,647,16,철권,0.4%
648,21,648,17,리니지,0.4%
649,21,649,18,오딘: 발할라 라이징,0.3%
650,21,650,19,스페셜포스,0.3%
651,21,651,20,마인크래프트,0.3%
652,21,652,22,오버워치,0.3%
653,21,653,23,디아블로2,0.3%
654,21,654,24,언디셈버,0.2%
655,21,655,25,리니지M,0.2%
656,21,656,26,워크래프트,0.2%
657,21,657,29,거상,0.2%
658,21,658,30,R2,0.1%
659,21,659,1,스타,37.1%
660,22,660,2,LoL,26%
661,22,661,3,배틀그라운드,6.8%
662,22,662,4,서든어택,6.4%
663,22,663,5,종합게임,5.4%
664,22,664,6,피파온라인4,4.9%
665,22,665,7,메이플스토리,1.1%
666,22,666,8,커츠펠,1.2%
667,22,667,9,TFT,1%
668,22,668,10,카트라이더,1%
669,22,669,11,던파,0.9%
670,22,670,13,아이온,0.6%
671,22,671,14,리니지W,0.6%
672,22,672,16,철권,0.4%
673,22,673,17,언디셈버,0.3%
674,22,674,18,모바일 종합게임,0.3%
675,22,675,20,오딘: 발할라 라이징,0.3%
676,22,676,22,오버워치,0.3%
677,22,677,23,리니지M,0.2%
678,22,678,24,디아블로2,0.3%
679,22,679,26,테일즈런너,0.2%
680,22,680,27,스타2,0.2%
681,22,681,28,워크래프트,0.2%
682,22,682,29,거상,0.2%
683,22,683,30,V4,0.1%
684,22,684,1,스타,38.7%
685,22,685,2,LoL,20.1%
686,22,686,3,배틀그라운드,11.8%
687,22,687,4,피파온라인4,5.7%
688,22,688,5,서든어택,6.3%
689,22,689,6,종합게임,4.9%
690,23,690,7,메이플스토리,1.3%
691,23,691,8,던파,0.9%
692,23,692,9,카트라이더,1%
693,23,693,10,로스트아크,0.8%
694,23,694,11,TFT,0.7%
695,23,695,12,리니지W,0.6%
696,23,696,13,오딘: 발할라 라이징,0.5%
697,23,697,14,아이온,0.5%
698,23,698,15,트라하 인피니티,0.5%
699,23,699,16,PC 온라인,0.4%
700,23,700,19,모바일 종합게임,0.3%
701,23,701,20,오버워치,0.3%
702,23,702,21,디아블로2,0.3%
703,23,703,22,발로란트,0.3%
704,23,704,23,언디셈버,0.2%
705,23,705,24,리니지M,0.2%
706,23,706,25,레트로게임,0.2%
707,23,707,27,거상,0.2%
708,23,708,28,테일즈런너,0.1%
709,23,709,29,철권,0.1%
710,23,710,30,슈퍼피플,0.1%
711,23,711,1,스타,40%
712,23,712,2,배틀그라운드,17.7%
713,23,713,3,LoL,15.2%
714,23,714,5,피파온라인4,5.3%
715,23,715,7,메이플스토리,1.5%
716,23,716,8,카트라이더,0.9%
717,23,717,9,로스트아크,0.8%
718,23,718,10,TFT,0.7%
719,23,719,11,아이온,0.6%
720,24,720,12,리니지W,0.5%
721,24,721,13,PC 온라인,0.5%
722,24,722,14,발로란트,0.4%
723,24,723,15,스페셜포스,0.3%
724,24,724,16,언디셈버,0.3%
725,24,725,17,리니지,0.3%
726,24,726,18,오버워치,0.3%
727,24,727,19,던파,0.3%
728,24,728,20,오딘: 발할라 라이징,0.3%
729,24,729,21,디아블로2,0.3%
730,24,730,22,마인크래프트,0.2%
731,24,731,23,테일즈런너,0.2%
732,24,732,24,워크래프트,0.2%
733,24,733,25,모바일 종합게임,0.2%
734,24,734,26,리니지M,0.2%
735,24,735,27,레트로게임,0.2%
736,24,736,29,슈퍼피플,0.1%
737,24,737,1,스타,42.5%
738,24,738,3,배틀그라운드,11.1%
739,24,739,4,서든어택,6%
740,24,740,5,피파온라인4,3.5%
741,24,741,6,종합게임,3.5%
742,24,742,7,메이플스토리,1.9%
743,24,743,8,카트라이더,1.2%
744,24,744,9,TFT,1.1%
745,24,745,10,오딘: 발할라 라이징,1%
746,24,746,11,리니지W,0.8%
747,24,747,12,로스트아크,0.8%
748,24,748,13,마인크래프트,0.6%
749,24,749,14,아이온,0.6%
750,25,750,16,던파,0.5%
751,25,751,17,언디셈버,0.5%
752,25,752,18,PC 온라인,0.4%
753,25,753,19,디아블로2,0.3%
754,25,754,20,스페셜포스,0.3%
755,25,755,21,오버워치,0.3%
756,25,756,22,리니지,0.3%
757,25,757,23,철권,0.3%
758,25,758,24,워크래프트,0.2%
759,25,759,25,스타2,0.2%
760,25,760,26,테일즈런너,0.2%
761,25,761,27,리니지M,0.2%
762,25,762,28,레트로게임,0.2%
763,25,763,29,거상,0.1%
764,25,764,1,스타,28.7%
765,25,765,2,LoL,24.2%
766,25,766,3,종합게임,9.1%
767,25,767,4,배틀그라운드,6.5%
768,25,768,5,서든어택,6.1%
769,25,769,6,피파온라인4,4.8%
770,25,770,7,폴 가이즈,3.2%
771,25,771,8,마인크래프트,1.8%
772,25,772,9,던파,1.7%
773,25,773,10,메이플스토리,1.2%
774,25,774,11,카트라이더,1.2%
775,25,775,12,TFT,1%
776,25,776,13,언디셈버,0.9%
777,25,777,14,로스트아크,0.9%
778,25,778,15,리니지W,0.7%
779,25,779,16,어몽 어스,0.8%
780,26,780,17,오딘: 발할라 라이징,0.7%
781,26,781,18,아이온,0.7%
782,26,782,19,철권,0.6%
783,26,783,20,PC 온라인,0.4%
784,26,784,21,모바일 종합게임,0.4%
785,26,785,22,오버워치,0.4%
786,26,786,23,디아블로2,0.3%
787,26,787,24,스페셜포스,0.3%
788,26,788,25,리니지,0.3%
789,26,789,26,V4,0.2%
790,26,790,27,스타2,0.2%
791,26,791,28,리니지M,0.2%
792,26,792,29,레트로게임,0.2%
793,26,793,30,워크래프트,0.2%
794,26,794,1,LoL,34.2%
795,26,795,2,스타,29.2%
796,26,796,3,서든어택,6.7%
797,26,797,4,배틀그라운드,5.7%
798,26,798,5,TFT,4.2%
799,26,799,6,종합게임,3.5%
800,26,800,7,피파온라인4,2.4%
801,26,801,8,메이플스토리,1.4%
802,26,802,9,카트라이더,1.4%
803,26,803,10,리니지W,1%
804,26,804,11,로스트아크,1%
805,26,805,12,폴 가이즈,1%
806,26,806,13,오딘: 발할라 라이징,0.7%
807,26,807,14,아이온,0.7%
808,26,808,15,모바일 종합게임,0.7%
809,26,809,16,PC 온라인,0.5%
810,27,810,17,디아블로2,0.5%
811,27,811,18,오버워치,0.4%
812,27,812,19,언디셈버,0.3%
813,27,813,21,마인크래프트,0.3%
814,27,814,22,던파,0.3%
815,27,815,23,리니지,0.3%
816,27,816,24,워크래프트,0.3%
817,27,817,25,리니지M,0.3%
818,27,818,26,레트로게임,0.2%
819,27,819,28,철권,0.2%
820,27,820,29,R2,0.2%
821,27,821,30,V4,0.1%
822,27,822,1,스타,33.3%
823,27,823,2,LoL,21%
824,27,824,3,TFT,6.5%
825,27,825,5,배틀그라운드,6.3%
826,27,826,6,카트라이더,4.2%
827,27,827,7,종합게임,3.7%
828,27,828,8,메이플스토리,2.3%
829,27,829,9,폴 가이즈,2.1%
830,27,830,10,피파온라인4,1.8%
831,27,831,11,어몽 어스,1.7%
832,27,832,12,리니지W,1%
833,27,833,13,로스트아크,0.9%
834,27,834,14,던파,0.8%
835,27,835,15,아이온,0.7%
836,27,836,16,오딘: 발할라 라이징,0.6%
837,27,837,18,PC 온라인,0.5%
838,27,838,19,오버워치,0.3%
839,27,839,21,리니지,0.3%
840,28,840,22,모바일 종합게임,0.3%
841,28,841,23,리니지M,0.3%
842,28,842,24,V4,0.2%
843,28,843,25,레트로게임,0.2%
844,28,844,26,테일즈런너,0.2%
845,28,845,27,스타2,0.2%
846,28,846,28,워크래프트,0.2%
847,28,847,30,슈퍼피플,0.2%
848,28,848,1,스타,50%
849,28,849,2,LoL,10.8%
850,28,850,4,서든어택,6.6%
851,28,851,5,TFT,4.1%
852,28,852,6,카트라이더,2.6%
853,28,853,9,피파온라인4,1.8%
854,28,854,10,던파,1.6%
855,28,855,11,오버워치,1.5%
856,28,856,12,리니지W,1.1%
857,28,857,13,로스트아크,1%
858,28,858,14,어몽 어스,1%
859,28,859,15,오딘: 발할라 라이징,0.8%
860,28,860,16,아이온,0.6%
861,28,861,18,PC 온라인,0.4%
862,28,862,19,스페셜포스,0.3%
863,28,863,20,모바일 종합게임,0.3%
864,28,864,22,철권,0.3%
865,28,865,23,리니지M,0.2%
866,28,866,25,테일즈런너,0.2%
867,28,867,26,R2,0.2%
868,28,868,27,슈퍼피플,0.2%
869,28,869,28,거상,0.2%
870,29,870,29,워크래프트,0.2%
871,29,871,30,V4,0.1%
872,29,872,1,스타,48.1%
873,29,873,2,LoL,12.3%
874,29,874,4,서든어택,7.2%
875,29,875,5,TFT,3.8%
876,29,876,6,종합게임,3.5%
877,29,877,7,메이플스토리,2.5%
878,29,878,8,피파온라인4,1.9%
879,29,879,9,카트라이더,1.4%
880,29,880,10,던파,1.3%
881,29,881,11,리니지W,1.1%
882,29,882,12,오딘: 발할라 라이징,0.9%
883,29,883,13,어몽 어스,1%
884,29,884,14,모바일 종합게임,0.9%
885,29,885,15,로스트아크,0.8%
886,29,886,16,아이온,0.6%
887,29,887,19,PC 온라인,0.4%
888,29,888,20,V4,0.4%
889,29,889,21,리니지,0.3%
890,29,890,22,스페셜포스,0.3%
891,29,891,23,슈퍼피플,0.3%
892,29,892,24,레트로게임,0.2%
893,29,893,25,리니지M,0.2%
894,29,894,26,철권,0.2%
895,29,895,27,워크래프트,0.2%
896,29,896,28,R2,0.2%
897,29,897,29,테일즈런너,0.1%
898,29,898,1,스타,45%
899,29,899,2,LoL,13.7%
900,30,900,5,TFT,5.8%
901,30,901,6,종합게임,2.5%
902,30,902,7,어몽 어스,1.8%
903,30,903,8,피파온라인4,1.5%
904,30,904,9,리니지W,1.3%
905,30,905,10,로스트아크,1.2%
906,30,906,11,메이플스토리,0.8%
907,30,907,12,카트라이더,0.8%
908,30,908,13,오딘: 발할라 라이징,0.7%
909,30,909,14,아이온,0.6%
910,30,910,15,슈퍼피플,0.6%
911,30,911,16,모바일 종합게임,0.6%
912,30,912,17,디아블로2,0.5%
913,30,913,18,V4,0.5%
914,30,914,19,오버워치,0.5%
915,30,915,20,철권,0.5%
916,30,916,21,PC 온라인,0.4%
917,30,917,22,스페셜포스,0.3%
918,30,918,23,리니지,0.3%
919,30,919,24,리니지M,0.3%
920,30,920,25,블레이드 앤 소울 레볼,0.3%
921,30,921,26,던파,0.2%
922,30,922,27,레트로게임,0.2%
923,30,923,30,테일즈런너,0.1%
924,30,924,1,스타,40.7%
925,30,925,2,LoL,15.3%
926,30,926,3,배틀그라운드,13%
927,30,927,4,서든어택,7.1%
928,30,928,5,TFT,4%
929,30,929,6,피파온라인4,2.3%
930,31,930,8,리니지W,1.7%
931,31,931,9,던파,1.2%
932,31,932,10,오딘: 발할라 라이징,1%
933,31,933,11,메이플스토리,0.9%
934,31,934,12,카트라이더,0.9%
935,31,935,13,로스트아크,0.8%
936,31,936,14,아이온,0.7%
937,31,937,15,디아블로2,0.7%
938,31,938,16,모바일 종합게임,0.6%
939,31,939,17,프로젝트D,0.5%
940,31,940,18,철권,0.5%
941,31,941,19,리니지M,0.4%
942,31,942,20,V4,0.4%
943,31,943,21,PC 온라인,0.4%
944,31,944,22,오버워치,0.4%
945,31,945,24,슈퍼피플,0.3%
946,31,946,25,스페셜포스,0.3%
947,31,947,26,워크래프트,0.3%
948,31,948,27,레트로게임,0.2%
949,31,949,28,테일즈런너,0.2%
950,31,950,29,거상,0.2%
951,31,951,30,발로란트,0.2%
952,31,952,1,스타,42.4%
953,31,953,2,배틀그라운드,13.2%
954,31,954,3,LoL,11.2%
955,31,955,5,TFT,4.1%
956,31,956,6,종합게임,3.3%
957,31,957,7,피파온라인4,2.3%
958,31,958,8,리니지W,2%
959,31,959,9,카트라이더,1.8%
960,32,960,10,프리콘,1.5%
961,32,961,11,오딘: 발할라 라이징,1%
962,32,962,12,메이플스토리,0.9%
963,32,963,13,로스트아크,0.8%
964,32,964,15,디아블로2,0.7%
965,32,965,16,PC 온라인,0.6%
966,32,966,17,모바일 종합게임,0.6%
967,32,967,18,프로젝트D,0.5%
968,32,968,19,스타2,0.4%
969,32,969,20,오버워치,0.4%
970,32,970,22,리니지M,0.3%
971,32,971,23,스페셜포스,0.3%
972,32,972,24,레트로게임,0.3%
973,32,973,25,던파,0.2%
974,32,974,26,워크래프트,0.2%
975,32,975,27,철권,0.2%
976,32,976,28,슈퍼피플,0.2%
977,32,977,29,테일즈런너,0.2%
978,32,978,30,V4,0.2%
979,32,979,1,스타,30.5%
980,32,980,3,배틀그라운드,13.7%
981,32,981,4,서든어택,7.5%
982,32,982,5,종합게임,4.9%
983,32,983,6,TFT,3.3%
984,32,984,7,프리콘,3.5%
985,32,985,8,피파온라인4,3.1%
986,32,986,9,리니지W,2.4%
987,32,987,10,메이플스토리,1%
988,32,988,11,로스트아크,1%
989,32,989,12,오딘: 발할라 라이징,0.9%
990,33,990,13,디아블로2,0.9%
991,33,991,14,카트라이더,0.9%
992,33,992,15,아이온,0.7%
993,33,993,16,PC 온라인,0.7%
994,33,994,17,모바일 종합게임,0.4%
995,33,995,18,V4,0.4%
996,33,996,19,스타2,0.3%
997,33,997,20,오버워치,0.3%
998,33,998,21,던파,0.3%
999,33,999,22,스페셜포스,0.3%
1000,33,1000,23,리니지,0.3%
1001,33,1001,24,슈퍼피플,0.3%
1002,33,1002,25,워크래프트,0.3%
1003,33,1003,26,리니지M,0.2%
1004,33,1004,28,테일즈런너,0.2%
1005,33,1005,29,블레이드앤소울2,0.2%
1006,33,1006,30,철권,0.1%
1007,33,1007,1,스타,32.8%
1008,33,1008,2,LoL,17%
1009,33,1009,3,배틀그라운드,15.6%
1010,33,1010,4,서든어택,8.5%
1011,33,1011,5,리니지W,3.9%
1012,33,1012,6,종합게임,4%
1013,33,1013,7,TFT,3.6%
1014,33,1014,8,피파온라인4,1.9%
1015,33,1015,9,카트라이더,1.7%
1016,33,1016,10,디아블로2,1%
1017,33,1017,11,로스트아크,1.1%
1018,33,1018,12,메이플스토리,1%
1019,33,1019,13,아이온,0.8%
1020,34,1020,14,오딘: 발할라 라이징,0.7%
1021,34,1021,15,모바일 종합게임,0.5%
1022,34,1022,16,PC 온라인,0.5%
1023,34,1023,17,철권,0.4%
1024,34,1024,19,V4,0.3%
1025,34,1025,20,리니지,0.3%
1026,34,1026,21,워크래프트,0.3%
1027,34,1027,23,던파,0.3%
1028,34,1028,25,리니지M,0.2%
1029,34,1029,27,블레이드앤소울2,0.1%
1030,34,1030,28,거상,0.1%
1031,34,1031,29,R2,0.1%
1032,34,1032,30,미르4,0.1%
1033,34,1033,1,LoL,28.9%
1034,34,1034,2,스타,26.4%
1035,34,1035,3,배틀그라운드,13.5%
1036,34,1036,5,리니지W,4%
1037,34,1037,7,TFT,2.6%
1038,34,1038,8,로스트아크,1.8%
1039,34,1039,9,피파온라인4,1.6%
1040,34,1040,10,오딘: 발할라 라이징,1.4%
1041,34,1041,11,디아블로2,1.2%
1042,34,1042,12,메이플스토리,0.8%
1043,34,1043,13,카트라이더,0.8%
1044,34,1044,14,아이온,0.8%
1045,34,1045,16,PC 온라인,0.4%
1046,34,1046,17,철권,0.4%
1047,34,1047,18,리니지,0.3%
1048,34,1048,19,V4,0.3%
1049,34,1049,21,워크래프트,0.3%
1050,35,1050,23,던파,0.2%
1051,35,1051,25,리니지M,0.2%
1052,35,1052,27,거상,0.1%
1053,35,1053,28,블레이드앤소울2,0.1%
1054,35,1054,29,Blade N Soul,0.1%
1055,35,1055,30,R2,0.1%
1056,35,1056,1,LoL,40.2%
1057,35,1057,2,스타,17.7%
1058,35,1058,3,배틀그라운드,11.9%
1059,35,1059,4,서든어택,6.9%
1060,35,1060,5,리니지W,5%
1061,35,1061,6,피파온라인4,2.6%
1062,35,1062,7,종합게임,2.2%
1063,35,1063,8,TFT,1.4%
1064,35,1064,9,로스트아크,1.4%
1065,35,1065,10,디아블로2,1.3%
1066,35,1066,11,오딘: 발할라 라이징,1.1%
1067,35,1067,12,메이플스토리,0.9%
1068,35,1068,13,카트라이더,0.8%
1069,35,1069,14,아이온,0.5%
1070,35,1070,15,모바일 종합게임,0.4%
1071,35,1071,16,철권,0.4%
1072,35,1072,17,PC 온라인,0.5%
1073,35,1073,18,리니지,0.4%
1074,35,1074,19,리니지M,0.4%
1075,35,1075,20,워크래프트,0.3%
1076,35,1076,21,스페셜포스,0.3%
1077,35,1077,22,오버워치,0.3%
1078,35,1078,24,블레이드앤소울2,0.2%
1079,35,1079,27,V4,0.1%
1080,36,1080,28,거상,0.1%
1081,36,1081,29,R2,0.1%
1082,36,1082,30,Blade N Soul,0.1%
1083,36,1083,1,LoL,35.7%
1084,36,1084,2,스타,22.4%
1085,36,1085,3,배틀그라운드,14.8%
1086,36,1086,5,종합게임,2.7%
1087,36,1087,6,디아블로2,2.1%
1088,36,1088,7,로스트아크,1.7%
1089,36,1089,8,오딘: 발할라 라이징,1.6%
1090,36,1090,9,카트라이더,1.5%
1091,36,1091,10,피파온라인4,1.3%
1092,36,1092,11,메이플스토리,1.1%
1093,36,1093,12,모바일 종합게임,0.8%
1094,36,1094,13,아이온,0.6%
1095,36,1095,14,철권,0.5%
1096,36,1096,15,PC 온라인,0.5%
1097,36,1097,16,리니지,0.4%
1098,36,1098,17,리니지M,0.4%
1099,36,1099,18,TFT,0.3%
1100,36,1100,19,워크래프트,0.3%
1101,36,1101,21,오버워치,0.3%
1102,36,1102,22,블레이드앤소울2,0.2%
1103,36,1103,23,던파,0.3%
1104,36,1104,25,테일즈런너,0.2%
1105,36,1105,26,거상,0.2%
1106,36,1106,27,V4,0.1%
1107,36,1107,28,미르4,0.1%
1108,36,1108,29,바람의나라: 연,0.1%
1109,36,1109,30,제2의 나라,0.1%
1110,37,1110,1,LoL,47%
1111,37,1111,2,스타,13.7%
1112,37,1112,5,종합게임,2.4%
1113,37,1113,6,피파온라인4,2.3%
1114,37,1114,7,디아블로2,2.1%
1115,37,1115,8,로스트아크,1.6%
1116,37,1116,9,오딘: 발할라 라이징,1.1%
1117,37,1117,12,워크래프트,1%
1118,37,1118,14,철권,0.5%
1119,37,1119,15,오버워치,0.5%
1120,37,1120,16,PC 온라인,0.5%
1121,37,1121,17,리니지,0.4%
1122,37,1122,18,TFT,0.4%
1123,37,1123,19,모바일 종합게임,0.4%
1124,37,1124,20,리니지M,0.3%
1125,37,1125,22,던파,0.3%
1126,37,1126,23,블레이드앤소울2,0.2%
1127,37,1127,24,V4,0.2%
1128,37,1128,28,WOW,0.1%
1129,37,1129,29,미르4,0.1%
1130,37,1130,30,Blade N Soul,0.1%
1131,37,1131,1,LoL,36.9%
1132,37,1132,2,배틀그라운드,19.7%
1133,37,1133,3,스타,14.3%
1134,37,1134,5,피파온라인4,2.9%
1135,37,1135,6,종합게임,2.7%
1136,37,1136,8,오버워치,1.6%
1137,37,1137,9,카트라이더,1.4%
1138,37,1138,10,오딘: 발할라 라이징,1.2%
1139,37,1139,11,로스트아크,1.3%
1140,38,1140,12,메이플스토리,1.1%
1141,38,1141,13,리니지,0.6%
1142,38,1142,14,아이온,0.6%
1143,38,1143,15,PC 온라인,0.5%
1144,38,1144,16,철권,0.5%
1145,38,1145,17,리니지M,0.4%
1146,38,1146,18,블레이드앤소울2,0.3%
1147,38,1147,19,모바일 종합게임,0.4%
1148,38,1148,20,TFT,0.3%
1149,38,1149,23,레트로게임,0.3%
1150,38,1150,25,V4,0.2%
1151,38,1151,29,발로란트,0.1%
1152,38,1152,1,LoL,41.5%
1153,38,1153,2,스타,15.8%
1154,38,1154,3,배틀그라운드,14.6%
1155,38,1155,5,종합게임,2.7%
1156,38,1156,6,피파온라인4,2.8%
1157,38,1157,7,디아블로2,2%
1158,38,1158,8,로스트아크,1.7%
1159,38,1159,9,오딘: 발할라 라이징,1.4%
1160,38,1160,10,카트라이더,1.3%
1161,38,1161,11,메이플스토리,1.3%
1162,38,1162,13,리니지,0.6%
1163,38,1163,14,PC 온라인,0.5%
1164,38,1164,15,모바일 종합게임,0.5%
1165,38,1165,16,철권,0.5%
1166,38,1166,17,TFT,0.4%
1167,38,1167,18,스타2,0.4%
1168,38,1168,19,리니지M,0.3%
1169,38,1169,22,던파,0.3%
1170,39,1170,23,블레이드앤소울2,0.3%
1171,39,1171,24,워크래프트,0.2%
1172,39,1172,26,레트로게임,0.2%
1173,39,1173,27,V4,0.2%
1174,39,1174,28,거상,0.2%
1175,39,1175,29,미르4,0.1%
1176,39,1176,30,R2,0.1%
1177,39,1177,1,스타,21.6%
1178,39,1178,2,LoL,21.2%
1179,39,1179,3,배틀그라운드,17.5%
1180,39,1180,4,서든어택,7.9%
1181,39,1181,5,디아블로2,5.4%
1182,39,1182,6,로스트아크,4.1%
1183,39,1183,7,피파온라인4,4.4%
1184,39,1184,8,종합게임,3.6%
1185,39,1185,9,메이플스토리,1.9%
1186,39,1186,10,오딘: 발할라 라이징,1.7%
1187,39,1187,11,리니지,0.8%
1188,39,1188,12,아이온,0.7%
1189,39,1189,13,카트라이더,0.8%
1190,39,1190,14,모바일 종합게임,0.8%
1191,39,1191,15,리니지M,0.7%
1192,39,1192,16,PC 온라인,0.6%
1193,39,1193,18,스타2,0.5%
1194,39,1194,19,스페셜포스,0.4%
1195,39,1195,20,철권,0.4%
1196,39,1196,21,오버워치,0.3%
1197,39,1197,22,V4,0.3%
1198,39,1198,23,던파,0.3%
1199,39,1199,24,레트로게임,0.3%
1200,40,1200,26,테일즈런너,0.3%
1201,40,1201,27,블레이드앤소울2,0.2%
1202,40,1202,28,거상,0.2%
1203,40,1203,29,미르4,0.2%
1204,40,1204,30,바람의나라: 연,0.1%
1205,40,1205,1,LoL,23.7%
1206,40,1206,2,스타,20.3%
1207,40,1207,3,배틀그라운드,16.8%
1208,40,1208,4,서든어택,8.1%
1209,40,1209,5,디아블로2,6.3%
1210,40,1210,6,피파온라인4,4.1%
1211,40,1211,7,종합게임,4.2%
1212,40,1212,8,로스트아크,2.6%
1213,40,1213,9,메이플스토리,2%
1214,40,1214,10,오딘: 발할라 라이징,1.6%
1215,40,1215,11,오버워치,1.1%
1216,40,1216,12,카트라이더,0.8%
1217,40,1217,13,리니지,0.7%
1218,40,1218,14,아이온,0.7%
1219,40,1219,15,PC 온라인,0.6%
1220,40,1220,16,모바일 종합게임,0.6%
1221,40,1221,17,TFT,0.5%
1222,40,1222,18,스페셜포스,0.4%
1223,40,1223,19,리니지M,0.3%
1224,40,1224,20,던파,0.4%
1225,40,1225,21,워크래프트,0.3%
1226,40,1226,22,레트로게임,0.3%
1227,40,1227,23,거상,0.3%
1228,40,1228,24,테일즈런너,0.3%
1229,40,1229,25,V4,0.2%
1230,41,1230,26,블레이드앤소울2,0.2%
1231,41,1231,27,미르4,0.2%
1232,41,1232,28,바람의나라: 연,0.2%
1233,41,1233,30,Blade N Soul,0.1%
1234,41,1234,1,LoL,35.5%
1235,41,1235,2,스타,15.9%
1236,41,1236,3,배틀그라운드,14.9%
1237,41,1237,5,피파온라인4,7%
1238,41,1238,6,로스트아크,2.6%
1239,41,1239,8,메이플스토리,2.1%
1240,41,1240,9,오딘: 발할라 라이징,1.9%
1241,41,1241,10,카트라이더,1%
1242,41,1242,11,모바일 종합게임,0.7%
1243,41,1243,12,리니지,0.6%
1244,41,1244,13,아이온,0.6%
1245,41,1245,14,PC 온라인,0.6%
1246,41,1246,15,TFT,0.4%
1247,41,1247,16,리니지M,0.4%
1248,41,1248,17,스페셜포스,0.4%
1249,41,1249,18,스타2,0.4%
1250,41,1250,20,던파,0.3%
1251,41,1251,21,오버워치,0.3%
1252,41,1252,22,워크래프트,0.3%
1253,41,1253,23,V4,0.2%
1254,41,1254,25,테일즈런너,0.2%
1255,41,1255,27,블레이드앤소울2,0.2%
1256,41,1256,28,미르4,0.2%
1257,41,1257,29,바람의나라: 연,0.1%
1258,41,1258,30,디아블로2,0.1%
1259,41,1259,1,LoL,41.3%
1260,42,1260,2,스타,15.5%
1261,42,1261,3,배틀그라운드,11.4%
1262,42,1262,4,서든어택,8.9%
1263,42,1263,5,로스트아크,3.3%
1264,42,1264,6,종합게임,3%
1265,42,1265,7,메이플스토리,2.5%
1266,42,1266,8,피파온라인4,2.2%
1267,42,1267,9,오딘: 발할라 라이징,1.7%
1268,42,1268,10,카트라이더,0.7%
1269,42,1269,11,리니지,0.7%
1270,42,1270,12,아이온,0.7%
1271,42,1271,13,TFT,0.6%
1272,42,1272,16,리니지M,0.4%
1273,42,1273,17,스타2,0.4%
1274,42,1274,18,스페셜포스,0.4%
1275,42,1275,20,던파,0.3%
1276,42,1276,21,철권,0.3%
1277,42,1277,22,워크래프트,0.3%
1278,42,1278,23,레트로게임,0.3%
1279,42,1279,24,V4,0.3%
1280,42,1280,25,블레이드앤소울2,0.2%
1281,42,1281,26,미르4,0.2%
1282,42,1282,28,테일즈런너,0.2%
1283,42,1283,29,원신,0.1%
1284,42,1284,30,디아블로2,0.1%
1285,42,1285,1,LoL,34.6%
1286,42,1286,2,배틀그라운드,17.2%
1287,42,1287,3,스타,16.2%
1288,42,1288,4,서든어택,7.6%
1289,42,1289,5,로스트아크,4%
1290,43,1290,6,오딘: 발할라 라이징,2.8%
1291,43,1291,7,종합게임,2.2%
1292,43,1292,8,피파온라인4,1.9%
1293,43,1293,9,메이플스토리,2%
1294,43,1294,10,TFT,1.5%
1295,43,1295,11,리니지,0.8%
1296,43,1296,13,카트라이더,0.7%
1297,43,1297,15,모바일 종합게임,0.5%
1298,43,1298,16,V4,0.4%
1299,43,1299,17,마블 퓨처 레볼루션,0.5%
1300,43,1300,18,리니지M,0.4%
1301,43,1301,19,블레이드앤소울2,0.4%
1302,43,1302,20,오버워치,0.4%
1303,43,1303,21,스타2,0.4%
1304,43,1304,22,던파,0.3%
1305,43,1305,23,스페셜포스,0.3%
1306,43,1306,24,레트로게임,0.3%
1307,43,1307,25,워크래프트,0.3%
1308,43,1308,26,철권,0.3%
1309,43,1309,28,테일즈런너,0.2%
1310,43,1310,29,미르4,0.2%
1311,43,1311,30,바람의나라: 연,0.1%
1312,43,1312,1,LoL,44.8%
1313,43,1313,2,스타,15.7%
1314,43,1314,3,배틀그라운드,10.1%
1315,43,1315,5,로스트아크,3.2%
1316,43,1316,6,오딘: 발할라 라이징,2.6%
1317,43,1317,7,피파온라인4,2.5%
1318,43,1318,8,종합게임,2.5%
1319,43,1319,9,메이플스토리,1.8%
1320,44,1320,10,모바일 종합게임,0.8%
1321,44,1321,11,리니지,0.6%
1322,44,1322,12,아이온,0.6%
1323,44,1323,14,PC 온라인,0.5%
1324,44,1324,15,TFT,0.5%
1325,44,1325,16,블레이드앤소울2,0.5%
1326,44,1326,17,리니지M,0.4%
1327,44,1327,19,오버워치,0.3%
1328,44,1328,20,워크래프트,0.3%
1329,44,1329,21,던파,0.3%
1330,44,1330,22,V4,0.3%
1331,44,1331,23,레트로게임,0.2%
1332,44,1332,24,철권,0.2%
1333,44,1333,25,테일즈런너,0.2%
1334,44,1334,26,거상,0.2%
1335,44,1335,27,스타2,0.2%
1336,44,1336,28,미르4,0.1%
1337,44,1337,29,바람의나라: 연,0.1%
1338,44,1338,30,Blade N Soul,0.1%
1339,44,1339,1,스타,23.3%
1340,44,1340,2,LoL,22.2%
1341,44,1341,3,배틀그라운드,12.6%
1342,44,1342,4,서든어택,10%
1343,44,1343,5,로스트아크,5.7%
1344,44,1344,6,오딘: 발할라 라이징,4.5%
1345,44,1345,7,피파온라인4,3.5%
1346,44,1346,8,종합게임,3.5%
1347,44,1347,9,메이플스토리,2.3%
1348,44,1348,10,철권,1.2%
1349,44,1349,11,리니지M,0.9%
1350,45,1350,12,PC 온라인,0.9%
1351,45,1351,15,TFT,0.6%
1352,45,1352,16,어몽 어스,0.6%
1353,45,1353,17,리니지,0.5%
1354,45,1354,18,모바일 종합게임,0.5%
1355,45,1355,19,던파,0.4%
1356,45,1356,20,스페셜포스,0.4%
1357,45,1357,21,워크래프트,0.3%
1358,45,1358,23,테일즈런너,0.3%
1359,45,1359,24,레트로게임,0.3%
1360,45,1360,25,스타2,0.3%
1361,45,1361,26,오버워치,0.3%
1362,45,1362,27,미르4,0.2%
1363,45,1363,28,V4,0.2%
1364,45,1364,30,바람의나라: 연,0.2%
1365,45,1365,1,LoL,25%
1366,45,1366,2,스타,23.3%
1367,45,1367,3,배틀그라운드,18.5%
1368,45,1368,4,서든어택,8.6%
1369,45,1369,5,로스트아크,4.9%
1370,45,1370,6,피파온라인4,2.7%
1371,45,1371,7,오딘: 발할라 라이징,2.4%
1372,45,1372,8,메이플스토리,2.1%
1373,45,1373,9,종합게임,1.7%
1374,45,1374,10,TFT,0.7%
1375,45,1375,11,철권,0.7%
1376,45,1376,14,모바일 종합게임,0.7%
1377,45,1377,15,리니지,0.6%
1378,45,1378,16,리니지M,0.5%
1379,45,1379,17,PC 온라인,0.6%
1380,46,1380,18,스페셜포스,0.4%
1381,46,1381,19,디아블로2,0.4%
1382,46,1382,21,V4,0.3%
1383,46,1383,23,워크래프트,0.3%
1384,46,1384,25,테일즈런너,0.3%
1385,46,1385,26,GTA5,0.2%
1386,46,1386,27,미르4,0.2%
1387,46,1387,1,LoL,39.7%
1388,46,1388,2,스타,17.2%
1389,46,1389,3,배틀그라운드,11.1%
1390,46,1390,5,메이플스토리,5.1%
1391,46,1391,6,로스트아크,3.9%
1392,46,1392,7,피파온라인4,3.2%
1393,46,1393,8,오딘: 발할라 라이징,1.5%
1394,46,1394,9,종합게임,1.3%
1395,46,1395,10,리니지,0.6%
1396,46,1396,11,TFT,0.6%
1397,46,1397,12,카트라이더,0.6%
1398,46,1398,13,철권,0.6%
1399,46,1399,16,모바일 종합게임,0.5%
1400,46,1400,17,리니지M,0.4%
1401,46,1401,18,V4,0.4%
1402,46,1402,20,던파,0.3%
1403,46,1403,22,테일즈런너,0.2%
1404,46,1404,23,워크래프트,0.2%
1405,46,1405,25,GTA5,0.2%
1406,46,1406,26,미르4,0.2%
1407,46,1407,28,제2의 나라,0.2%
1408,46,1408,29,바람의나라: 연,0.1%
1409,46,1409,1,LoL,34.7%
1410,47,1410,2,배틀그라운드,17.9%
1411,47,1411,3,스타,17%
1412,47,1412,5,로스트아크,4.1%
1413,47,1413,6,오딘: 발할라 라이징,3.5%
1414,47,1414,7,메이플스토리,1.8%
1415,47,1415,8,피파온라인4,1.7%
1416,47,1416,9,종합게임,1.4%
1417,47,1417,10,TFT,0.8%
1418,47,1418,11,철권,0.7%
1419,47,1419,12,카트라이더,0.7%
1420,47,1420,13,리니지,0.7%
1421,47,1421,15,모바일 종합게임,0.6%
1422,47,1422,16,PC 온라인,0.5%
1423,47,1423,17,리니지M,0.4%
1424,47,1424,18,V4,0.4%
1425,47,1425,19,오버워치,0.4%
1426,47,1426,20,스타2,0.4%
1427,47,1427,21,던파,0.3%
1428,47,1428,22,스페셜포스,0.3%
1429,47,1429,23,테일즈런너,0.3%
1430,47,1430,24,워크래프트,0.3%
1431,47,1431,25,레트로게임,0.3%
1432,47,1432,26,제2의 나라,0.2%
1433,47,1433,27,미르4,0.2%
1434,47,1434,30,WOW,0.1%
1435,47,1435,1,스타,27%
1436,47,1436,2,배틀그라운드,25.4%
1437,47,1437,3,LoL,15.3%
1438,47,1438,4,서든어택,7%
1439,47,1439,5,오딘: 발할라 라이징,4.4%
1440,48,1440,6,로스트아크,3.1%
1441,48,1441,7,피파온라인4,1.8%
1442,48,1442,9,종합게임,1.3%
1443,48,1443,10,이터널 리턴,1.3%
1444,48,1444,11,던파,0.9%
1445,48,1445,12,TFT,0.8%
1446,48,1446,14,아이온,0.7%
1447,48,1447,15,모바일 종합게임,0.7%
1448,48,1448,16,철권,0.6%
1449,48,1449,17,PC 온라인,0.6%
1450,48,1450,18,리니지M,0.5%
1451,48,1451,19,오버워치,0.5%
1452,48,1452,20,리니지,0.5%
1453,48,1453,21,WOW,0.4%
1454,48,1454,22,V4,0.4%
1455,48,1455,23,스페셜포스,0.3%
1456,48,1456,25,스타2,0.3%
1457,48,1457,28,제2의 나라,0.2%
1458,48,1458,29,미르4,0.2%
1459,48,1459,1,LoL,26.2%
1460,48,1460,2,배틀그라운드,18.4%
1461,48,1461,3,스타,14.8%
1462,48,1462,4,오딘: 발할라 라이징,8.9%
1463,48,1463,5,서든어택,7.8%
1464,48,1464,6,로스트아크,3.3%
1465,48,1465,7,종합게임,2.6%
1466,48,1466,8,메이플스토리,2.3%
1467,48,1467,9,피파온라인4,2.1%
1468,48,1468,10,이터널 리턴,1.2%
1469,48,1469,11,아이온,0.8%
1470,49,1470,13,철권,0.7%
1471,49,1471,14,리니지M,0.7%
1472,49,1472,15,TFT,0.7%
1473,49,1473,16,리니지,0.6%
1474,49,1474,17,PC 온라인,0.6%
1475,49,1475,18,모바일 종합게임,0.5%
1476,49,1476,19,미르4,0.5%
1477,49,1477,20,V4,0.4%
1478,49,1478,21,WOW,0.4%
1479,49,1479,22,스타2,0.4%
1480,49,1480,23,오버워치,0.4%
1481,49,1481,24,던파,0.4%
1482,49,1482,25,스페셜포스,0.4%
1483,49,1483,26,워크래프트,0.4%
1484,49,1484,27,레트로게임,0.3%
1485,49,1485,28,테일즈런너,0.3%
1486,49,1486,29,제2의 나라,0.3%
1487,49,1487,30,바람의나라: 연,0.2%
1488,49,1488,1,배틀그라운드,22.8%
1489,49,1489,2,LoL,21.6%
1490,49,1490,3,스타,15.7%
1491,49,1491,4,오딘: 발할라 라이징,11.2%
1492,49,1492,5,서든어택,7.1%
1493,49,1493,6,피파온라인4,4%
1494,49,1494,7,로스트아크,2.1%
1495,49,1495,8,종합게임,2.2%
1496,49,1496,9,메이플스토리,1.6%
1497,49,1497,10,모바일 종합게임,1%
1498,49,1498,11,리니지M,1%
1499,49,1499,12,카트라이더,0.8%
1500,50,1500,13,TFT,0.7%
1501,50,1501,14,아이온,0.7%
1502,50,1502,15,철권,0.5%
1503,50,1503,16,PC 온라인,0.6%
1504,50,1504,17,리니지,0.5%
1505,50,1505,18,던파,0.4%
1506,50,1506,19,WOW,0.4%
1507,50,1507,22,스타2,0.3%
1508,50,1508,23,레트로게임,0.3%
1509,50,1509,25,제2의 나라,0.3%
1510,50,1510,26,발로란트,0.3%
1511,50,1511,28,미르4,0.2%
1512,50,1512,30,거상,0.2%
1513,50,1513,1,배틀그라운드,25.4%
1514,50,1514,2,스타,19.7%
1515,50,1515,3,LoL,14.3%
1516,50,1516,4,오딘: 발할라 라이징,7.2%
1517,50,1517,5,서든어택,7.1%
1518,50,1518,6,피파온라인4,5.4%
1519,50,1519,7,종합게임,3.5%
1520,50,1520,8,메이플스토리,2.4%
1521,50,1521,9,모바일 종합게임,1.7%
1522,50,1522,10,던파,1.3%
1523,50,1523,11,TFT,1.1%
1524,50,1524,12,아이온,0.7%
1525,50,1525,13,철권,0.7%
1526,50,1526,14,로스트아크,0.7%
1527,50,1527,15,카트라이더,0.7%
1528,50,1528,16,리니지M,0.6%
1529,50,1529,18,리니지,0.5%
1530,51,1530,19,WOW,0.4%
1531,51,1531,21,제2의 나라,0.4%
1532,51,1532,22,V4,0.4%
1533,51,1533,24,스타2,0.4%
1534,51,1534,25,미르4,0.3%
1535,51,1535,26,워크래프트,0.3%
1536,51,1536,27,레트로게임,0.3%
1537,51,1537,29,발로란트,0.2%
1538,51,1538,1,스타,24.8%
1539,51,1539,2,LoL,23.4%
1540,51,1540,3,배틀그라운드,17%
1541,51,1541,5,종합게임,3.5%
1542,51,1542,6,메이플스토리,2.9%
1543,51,1543,7,피파온라인4,2.7%
1544,51,1544,8,리니지M,2.2%
1545,51,1545,9,TFT,2.4%
1546,51,1546,10,던파,1.7%
1547,51,1547,11,GTA5,1.5%
1548,51,1548,12,카트라이더,0.9%
1549,51,1549,13,아이온,0.8%
1550,51,1550,14,로스트아크,0.8%
1551,51,1551,16,제2의 나라,0.6%
1552,51,1552,18,리니지,0.6%
1553,51,1553,19,미르4,0.5%
1554,51,1554,20,오버워치,0.5%
1555,51,1555,21,V4,0.4%
1556,51,1556,23,워크래프트,0.3%
1557,51,1557,24,WOW,0.3%
1558,51,1558,25,레트로게임,0.3%
1559,51,1559,26,테일즈런너,0.3%
1560,52,1560,27,철권,0.2%
1561,52,1561,28,스타2,0.2%
1562,52,1562,30,바람의나라: 연,0.2%
1563,52,1563,1,LoL,37.7%
1564,52,1564,2,스타,17.4%
1565,52,1565,4,서든어택,7.4%
1566,52,1566,5,종합게임,3.1%
1567,52,1567,6,메이플스토리,1.9%
1568,52,1568,7,피파온라인4,1.6%
1569,52,1569,8,TFT,1.6%
1570,52,1570,9,제2의 나라,1.1%
1571,52,1571,10,던파,1.1%
1572,52,1572,12,카트라이더,0.9%
1573,52,1573,13,아이온,0.7%
1574,52,1574,14,리니지M,0.8%
1575,52,1575,15,리니지,0.6%
1576,52,1576,16,PC 온라인,0.6%
1577,52,1577,18,WOW,0.4%
1578,52,1578,19,오버워치,0.5%
1579,52,1579,20,V4,0.4%
1580,52,1580,21,미르4,0.3%
1581,52,1581,23,스타2,0.3%
1582,52,1582,24,워크래프트,0.3%
1583,52,1583,25,레트로게임,0.3%
1584,52,1584,26,철권,0.3%
1585,52,1585,29,거상,0.1%
1586,52,1586,1,LoL,27.4%
1587,52,1587,2,스타,24.7%
1588,52,1588,3,배틀그라운드,21%
1589,52,1589,4,서든어택,7%
1590,53,1590,5,종합게임,3.3%
1591,53,1591,6,피파온라인4,2.4%
1592,53,1592,7,메이플스토리,1.6%
1593,53,1593,8,제2의 나라,1.1%
1594,53,1594,9,TFT,0.9%
1595,53,1595,10,카트라이더,0.8%
1596,53,1596,11,로스트아크,0.7%
1597,53,1597,12,아이온,0.7%
1598,53,1598,13,PC 온라인,0.7%
1599,53,1599,14,철권,0.6%
1600,53,1600,15,리니지,0.5%
1601,53,1601,16,미르4,0.5%
1602,53,1602,17,모바일 종합게임,0.5%
1603,53,1603,18,오버워치,0.4%
1604,53,1604,19,리니지M,0.4%
1605,53,1605,20,던파,0.3%
1606,53,1606,22,레트로게임,0.3%
1607,53,1607,24,V4,0.3%
1608,53,1608,25,스타2,0.3%
1609,53,1609,26,WOW,0.2%
1610,53,1610,27,테일즈런너,0.2%
1611,53,1611,29,바람의나라: 연,0.2%
1612,53,1612,30,블레이드 어썰트,0.2%
1613,53,1613,1,배틀그라운드,29.3%
1614,53,1614,2,스타,19.4%
1615,53,1615,3,LoL,14.3%
1616,53,1616,4,서든어택,11.7%
1617,53,1617,5,종합게임,4.1%
1618,53,1618,6,피파온라인4,3.5%
1619,53,1619,7,철권,2.8%
1620,54,1620,8,TFT,2.3%
1621,54,1621,9,메이플스토리,1.6%
1622,54,1622,10,아이온,0.8%
1623,54,1623,11,카트라이더,0.8%
1624,54,1624,12,리니지,0.7%
1625,54,1625,13,로스트아크,0.7%
1626,54,1626,14,PC 온라인,0.8%
1627,54,1627,15,모바일 종합게임,0.5%
1628,54,1628,16,리니지M,0.5%
1629,54,1629,17,오버워치,0.4%
1630,54,1630,18,미르4,0.4%
1631,54,1631,19,던파,0.3%
1632,54,1632,20,레트로게임,0.3%
1633,54,1633,21,WOW,0.3%
1634,54,1634,23,워크래프트,0.3%
1635,54,1635,24,바람의나라: 연,0.2%
1636,54,1636,25,테일즈런너,0.2%
1637,54,1637,26,스타2,0.2%
1638,54,1638,27,트릭스터M,0.2%
1639,54,1639,28,V4,0.2%
1640,54,1640,29,거상,0.2%
1641,54,1641,30,세븐나이츠2,0.1%
1642,54,1642,1,LoL,23.8%
1643,54,1643,2,배틀그라운드,21.9%
1644,54,1644,3,스타,17.1%
1645,54,1645,4,종합게임,8.2%
1646,54,1646,5,서든어택,6.7%
1647,54,1647,7,메이플스토리,3.2%
1648,54,1648,8,리니지,2.2%
1649,54,1649,9,PC 기타게임,1.2%
1650,55,1650,10,TFT,1%
1651,55,1651,11,로스트아크,0.8%
1652,55,1652,13,오버워치,0.8%
1653,55,1653,14,비디오게임,0.8%
1654,55,1654,15,카트라이더,0.6%
1655,55,1655,16,모바일 종합 게임,0.6%
1656,55,1656,17,스팀게임,0.5%
1657,55,1657,19,거상,0.3%
1658,55,1658,20,던파,0.3%
1659,55,1659,22,고전게임,0.3%
1660,55,1660,23,V4,0.3%
1661,55,1661,24,트릭스터M,0.3%
1662,55,1662,25,철권,0.3%
1663,55,1663,26,스타2,0.3%
1664,55,1664,27,미르4,0.3%
1665,55,1665,28,워크래프트,0.2%
1666,55,1666,29,GTA5,0.2%
1667,55,1667,30,테일즈런너,0.2%
1668,55,1668,1,배틀그라운드,49.7%
1669,55,1669,2,LoL,13.9%
1670,55,1670,3,스타,10.3%
1671,55,1671,5,TFT,2.4%
1672,55,1672,6,피파온라인4,1.9%
1673,55,1673,7,PC 기타게임,1.6%
1674,55,1674,9,카트라이더,1.4%
1675,55,1675,10,모바일 종합 게임,1%
1676,55,1676,11,철권,1%
1677,55,1677,13,로스트아크,0.7%
1678,55,1678,14,트릭스터M,0.6%
1679,55,1679,15,스팀게임,0.6%
1680,56,1680,16,리니지,0.6%
1681,56,1681,18,던파,0.4%
1682,56,1682,20,오버워치,0.3%
1683,56,1683,22,스타2,0.3%
1684,56,1684,23,고전게임,0.3%
1685,56,1685,25,비디오게임,0.2%
1686,56,1686,26,미르4,0.2%
1687,56,1687,27,테일즈런너,0.2%
1688,56,1688,28,세븐나이츠2,0.1%
1689,56,1689,29,거상,0.1%
1690,56,1690,30,바람의나라: 연,0.1%
1691,56,1691,1,배틀그라운드,46.1%
1692,56,1692,2,LoL,17.4%
1693,56,1693,3,스타,8.7%
1694,56,1694,5,피파온라인4,2.7%
1695,56,1695,6,TFT,1.7%
1696,56,1696,7,PC 기타게임,1.7%
1697,56,1697,8,메이플스토리,1.4%
1698,56,1698,9,이카루스 이터널,1.1%
1699,56,1699,10,로스트아크,1%
1700,56,1700,11,모바일 종합 게임,0.9%
1701,56,1701,12,아이온,0.8%
1702,56,1702,13,스팀게임,0.8%
1703,56,1703,14,리니지,0.7%
1704,56,1704,15,카트라이더,0.7%
1705,56,1705,16,비디오게임,0.6%
1706,56,1706,17,테일즈런너,0.6%
1707,56,1707,18,리니지M,0.5%
1708,56,1708,19,V4,0.4%
1709,56,1709,20,오버워치,0.4%
1710,57,1710,21,스페셜포스,0.3%
1711,57,1711,23,고전게임,0.3%
1712,57,1712,24,미르4,0.3%
1713,57,1713,26,거상,0.2%
1714,57,1714,27,철권,0.1%
1715,57,1715,29,하스스톤,0.1%
1716,57,1716,30,디아블로3,0.1%
1717,57,1717,1,배틀그라운드,29.5%
1718,57,1718,2,LoL,28.9%
1719,57,1719,3,스타,11.7%
1720,57,1720,4,서든어택,8.2%
1721,57,1721,5,피파온라인4,2.5%
1722,57,1722,6,PC 기타게임,2.3%
1723,57,1723,7,메이플스토리,1.7%
1724,57,1724,8,TFT,1.6%
1725,57,1725,9,모바일 종합 게임,1.4%
1726,57,1726,10,스팀게임,1%
1727,57,1727,12,아이온,1%
1728,57,1728,13,카트라이더,0.8%
1729,57,1729,14,리니지,0.7%
1730,57,1730,15,리니지M,0.6%
1731,57,1731,16,스타2,0.5%
1732,57,1732,17,철권,0.4%
1733,57,1733,18,오버워치,0.4%
1734,57,1734,19,스페셜포스,0.4%
1735,57,1735,20,고전게임,0.3%
1736,57,1736,21,미르4,0.3%
1737,57,1737,22,워크래프트,0.3%
1738,57,1738,23,던파,0.3%
1739,57,1739,24,비디오게임,0.3%
1740,58,1740,25,거상,0.3%
1741,58,1741,26,테일즈런너,0.3%
1742,58,1742,27,V4,0.2%
1743,58,1743,28,세븐나이츠2,0.2%
1744,58,1744,29,검은사막M,0.1%
1745,58,1745,30,R2,0.1%
1746,58,1746,1,배틀그라운드,28.5%
1747,58,1747,2,LoL,26%
1748,58,1748,3,스타,11.3%
1749,58,1749,4,서든어택,9.4%
1750,58,1750,5,PC 기타게임,2.5%
1751,58,1751,6,TFT,2%
1752,58,1752,7,피파온라인4,1.8%
1753,58,1753,8,DK모바일,1.7%
1754,58,1754,9,메이플스토리,1.5%
1755,58,1755,10,이카루스 이터널,1.4%
1756,58,1756,11,로스트아크,1.4%
1757,58,1757,12,모바일 종합 게임,1%
1758,58,1758,13,아이온,1%
1759,58,1759,14,카트라이더,0.8%
1760,58,1760,15,리니지,0.7%
1761,58,1761,16,비디오게임,0.7%
1762,58,1762,17,스팀게임,0.7%
1763,58,1763,18,콜 오브 듀티: 모던,0.7%
1764,58,1764,19,리니지M,0.5%
1765,58,1765,20,철권,0.4%
1766,58,1766,21,스페셜포스,0.4%
1767,58,1767,22,고전게임,0.4%
1768,58,1768,23,오버워치,0.4%
1769,58,1769,24,스타2,0.3%
1770,59,1770,25,던파,0.3%
1771,59,1771,26,거상,0.3%
1772,59,1772,27,워크래프트,0.3%
1773,59,1773,28,V4,0.3%
1774,59,1774,29,미르4,0.2%
1775,59,1775,30,테일즈런너,0.2%
1776,59,1776,1,LoL,34.8%
1777,59,1777,2,배틀그라운드,24.6%
1778,59,1778,3,스타,8.3%
1779,59,1779,4,서든어택,8.3%
1780,59,1780,5,PC 기타게임,2.3%
1781,59,1781,6,메이플스토리,2.3%
1782,59,1782,7,피파온라인4,1.7%
1783,59,1783,8,이카루스 이터널,1.7%
1784,59,1784,9,모바일 종합 게임,1.5%
1785,59,1785,11,아이온,1.1%
1786,59,1786,12,리니지,0.8%
1787,59,1787,13,카트라이더,0.8%
1788,59,1788,14,리니지M,0.7%
1789,59,1789,15,스팀게임,0.8%
1790,59,1790,16,콜 오브 듀티: 모던,0.9%
1791,59,1791,17,TFT,0.7%
1792,59,1792,18,철권,0.6%
1793,59,1793,19,던파,0.4%
1794,59,1794,21,스페셜포스,0.4%
1795,59,1795,22,고전게임,0.4%
1796,59,1796,23,오버워치,0.4%
1797,59,1797,24,워크래프트,0.3%
1798,59,1798,26,미르4,0.3%
1799,59,1799,27,DK모바일,0.3%
1800,60,1800,29,비디오게임,0.3%
1801,60,1801,30,세븐나이츠2,0.2%
1802,60,1802,1,LoL,25.8%
1803,60,1803,2,배틀그라운드,24.7%
1804,60,1804,3,스타,10.9%
1805,60,1805,5,메이플스토리,5.3%
1806,60,1806,6,비디오게임,2.7%
1807,60,1807,7,PC 기타게임,2.2%
1808,60,1808,9,모바일 종합 게임,1.6%
1809,60,1809,10,스팀게임,1.3%
1810,60,1810,11,이카루스 이터널,1.2%
1811,60,1811,12,아이온,1.2%
1812,60,1812,14,리니지,0.8%
1813,60,1813,15,리니지M,0.8%
1814,60,1814,16,DK모바일,0.9%
1815,60,1815,17,카트라이더,0.8%
1816,60,1816,18,철권,0.6%
1817,60,1817,19,TFT,0.6%
1818,60,1818,20,미르4,0.4%
1819,60,1819,21,고전게임,0.4%
1820,60,1820,22,오버워치,0.4%
1821,60,1821,23,던파,0.4%
1822,60,1822,24,스페셜포스,0.4%
1823,60,1823,25,스타2,0.4%
1824,60,1824,26,거상,0.3%
1825,60,1825,27,워크래프트,0.3%
1826,60,1826,28,V4,0.3%
1827,60,1827,29,테일즈런너,0.2%
1828,60,1828,30,검은사막M,0.2%
1829,60,1829,1,LoL,35%
1830,61,1830,2,배틀그라운드,16%
1831,61,1831,3,스타,10.3%
1832,61,1832,4,서든어택,9.1%
1833,61,1833,5,모바일 종합 게임,3.8%
1834,61,1834,6,피파온라인4,3.5%
1835,61,1835,7,DK모바일,2.9%
1836,61,1836,8,어몽 어스,1.4%
1837,61,1837,9,PC 기타게임,1.4%
1838,61,1838,10,아이온,1.2%
1839,61,1839,11,메이플스토리,1.2%
1840,61,1840,12,이카루스 이터널,1.2%
1841,61,1841,13,TFT,0.9%
1842,61,1842,14,리니지M,0.9%
1843,61,1843,15,로스트아크,0.8%
1844,61,1844,16,비디오게임,0.9%
1845,61,1845,17,리니지,0.8%
1846,61,1846,18,스팀게임,0.8%
1847,61,1847,19,카트라이더,0.8%
1848,61,1848,20,미르4,0.5%
1849,61,1849,21,고전게임,0.4%
1850,61,1850,23,스페셜포스,0.4%
1851,61,1851,24,철권,0.3%
1852,61,1852,25,던파,0.3%
1853,61,1853,26,디아블로2,0.3%
1854,61,1854,27,이카루스,0.3%
1855,61,1855,28,워크래프트,0.3%
1856,61,1856,29,스타2,0.3%
1857,61,1857,30,거상,0.3%
1858,61,1858,1,LoL,44.2%
1859,61,1859,2,서든어택,11.2%
1860,62,1860,3,배틀그라운드,9.7%
1861,62,1861,4,스타,9%
1862,62,1862,5,피파온라인4,5.9%
1863,62,1863,6,모바일 종합 게임,4%
1864,62,1864,7,PC 기타게임,1.8%
1865,62,1865,8,아이온,1.1%
1866,62,1866,9,메이플스토리,1%
1867,62,1867,10,철권,0.8%
1868,62,1868,11,리니지M,0.8%
1869,62,1869,12,로스트아크,0.8%
1870,62,1870,13,리니지,0.7%
1871,62,1871,14,스팀게임,0.8%
1872,62,1872,15,카트라이더,0.7%
1873,62,1873,16,이카루스,0.5%
1874,62,1874,18,미르4,0.4%
1875,62,1875,19,고전게임,0.4%
1876,62,1876,20,오버워치,0.3%
1877,62,1877,22,던파,0.3%
1878,62,1878,23,거상,0.3%
1879,62,1879,24,스페셜포스,0.3%
1880,62,1880,25,LoL: 와일드 리프트,0.3%
1881,62,1881,26,비디오게임,0.3%
1882,62,1882,27,V4,0.2%
1883,62,1883,28,스타2,0.2%
1884,62,1884,29,테일즈런너,0.2%
1885,62,1885,30,에오스 레드,0.1%
1886,62,1886,1,LoL,52.4%
1887,62,1887,2,배틀그라운드,10.1%
1888,62,1888,3,스타,8.8%
1889,62,1889,5,피파온라인4,2.5%
1890,63,1890,6,PC 기타게임,1.9%
1891,63,1891,7,메이플스토리,1.7%
1892,63,1892,8,아이온,1.2%
1893,63,1893,9,리니지,1.1%
1894,63,1894,10,모바일 종합 게임,1.1%
1895,63,1895,11,로스트아크,1%
1896,63,1896,12,리니지M,0.8%
1897,63,1897,13,스팀게임,0.7%
1898,63,1898,14,카트라이더,0.7%
1899,63,1899,15,TFT,0.6%
1900,63,1900,16,철권,0.6%
1901,63,1901,17,미르4,0.5%
1902,63,1902,18,V4,0.4%
1903,63,1903,19,오버워치,0.4%
1904,63,1904,20,고전게임,0.4%
1905,63,1905,23,비디오게임,0.3%
1906,63,1906,24,던파,0.3%
1907,63,1907,25,바람의나라: 연,0.3%
1908,63,1908,26,GTA5,0.3%
1909,63,1909,27,스타2,0.3%
1910,63,1910,28,거상,0.3%
1911,63,1911,30,세븐나이츠2,0.2%
1912,63,1912,1,LoL,47.5%
1913,63,1913,2,배틀그라운드,10.9%
1914,63,1914,3,스타,7.5%
1915,63,1915,5,피파온라인4,3.4%
1916,63,1916,6,메이플스토리,2.8%
1917,63,1917,7,카트라이더,2.7%
1918,63,1918,8,모바일 종합 게임,1.9%
1919,63,1919,9,PC 기타게임,1.9%
1920,64,1920,10,아이온,1.3%
1921,64,1921,11,미르4,1.3%
1922,64,1922,12,로스트아크,1.2%
1923,64,1923,13,리니지,0.8%
1924,64,1924,15,리니지M,0.7%
1925,64,1925,16,TFT,0.6%
1926,64,1926,17,V4,0.4%
1927,64,1927,18,오버워치,0.4%
1928,64,1928,19,고전게임,0.4%
1929,64,1929,20,철권,0.4%
1930,64,1930,21,거상,0.3%
1931,64,1931,22,워크래프트,0.3%
1932,64,1932,23,스페셜포스,0.3%
1933,64,1933,24,던파,0.3%
1934,64,1934,25,디아블로2,0.3%
1935,64,1935,26,비디오게임,0.3%
1936,64,1936,28,세븐나이츠2,0.2%
1937,64,1937,29,바람의나라: 연,0.2%
1938,64,1938,30,엘리온,0.2%
1939,64,1939,1,LoL,45.4%
1940,64,1940,2,배틀그라운드,11.8%
1941,64,1941,3,스타,9.6%
1942,64,1942,5,메이플스토리,3%
1943,64,1943,6,카트라이더,2.8%
1944,64,1944,7,PC 기타게임,2.2%
1945,64,1945,8,피파온라인4,1.8%
1946,64,1946,9,미르4,1.6%
1947,64,1947,10,아이온,1.6%
1948,64,1948,11,로스트아크,1.2%
1949,64,1949,12,모바일 종합 게임,1.1%
1950,65,1950,13,스팀게임,0.9%
1951,65,1951,14,리니지M,0.8%
1952,65,1952,15,리니지,0.8%
1953,65,1953,16,TFT,0.7%
1954,65,1954,17,V4,0.5%
1955,65,1955,18,오버워치,0.5%
1956,65,1956,20,비디오게임,0.4%
1957,65,1957,22,던파,0.3%
1958,65,1958,24,디아블로2,0.3%
1959,65,1959,25,거상,0.3%
1960,65,1960,26,테일즈런너,0.2%
1961,65,1961,27,철권,0.2%
1962,65,1962,28,바람의나라: 연,0.2%
1963,65,1963,29,세븐나이츠2,0.2%
1964,65,1964,30,엘리온,0.2%
1965,65,1965,1,LoL,45.9%
1966,65,1966,2,배틀그라운드,9.2%
1967,65,1967,3,스타,8%
1968,65,1968,5,PC 기타게임,5.1%
1969,65,1969,6,피파온라인4,4%
1970,65,1970,7,메이플스토리,3.8%
1971,65,1971,8,아이온,1.6%
1972,65,1972,9,미르4,1.3%
1973,65,1973,10,스팀게임,1.3%
1974,65,1974,11,로스트아크,1.2%
1975,65,1975,12,모바일 종합 게임,1.1%
1976,65,1976,13,리니지M,0.8%
1977,65,1977,14,카트라이더,0.8%
1978,65,1978,15,리니지,0.7%
1979,65,1979,16,TFT,0.7%
1980,66,1980,17,오버워치,0.5%
1981,66,1981,18,비디오게임,0.4%
1982,66,1982,19,고전게임,0.4%
1983,66,1983,20,던파,0.4%
1984,66,1984,21,테일즈런너,0.3%
1985,66,1985,24,거상,0.2%
1986,66,1986,25,철권,0.2%
1987,66,1987,26,세븐나이츠2,0.2%
1988,66,1988,28,에오스 레드,0.2%
1989,66,1989,29,엘리온,0.2%
1990,66,1990,30,바람의나라: 연,0.2%
1991,66,1991,1,LoL,44.7%
1992,66,1992,2,배틀그라운드,11.8%
1993,66,1993,3,스타,7.4%
1994,66,1994,5,메이플스토리,4.2%
1995,66,1995,6,PC 기타게임,3.9%
1996,66,1996,7,피파온라인4,3.6%
1997,66,1997,8,아이온,1.6%
1998,66,1998,9,미르4,1.6%
1999,66,1999,10,스팀게임,1.5%
2000,66,2000,11,모바일 종합 게임,1.1%
2001,66,2001,12,TFT,1%
2002,66,2002,13,리니지M,0.9%
2003,66,2003,14,로스트아크,0.9%
2004,66,2004,15,카트라이더,0.8%
2005,66,2005,16,리니지,0.6%
2006,66,2006,17,오버워치,0.7%
2007,66,2007,18,고전게임,0.4%
2008,66,2008,19,던파,0.4%
2009,66,2009,20,비디오게임,0.4%
2010,67,2010,22,V4,0.3%
2011,67,2011,23,거상,0.3%
2012,67,2012,25,세븐나이츠2,0.2%
2013,67,2013,26,엘리온,0.2%
2014,67,2014,28,철권,0.2%
2015,67,2015,29,바람의나라: 연,0.2%
2016,67,2016,30,검은사막M,0.2%
2017,67,2017,1,LoL,43.7%
2018,67,2018,2,스타,10.7%
2019,67,2019,3,배틀그라운드,9.4%
2020,67,2020,5,피파온라인4,3.6%
2021,67,2021,6,스팀게임,3.8%
2022,67,2022,7,메이플스토리,3%
2023,67,2023,8,PC 기타게임,2.9%
2024,67,2024,9,아이온,1.9%
2025,67,2025,10,미르4,1.5%
2026,67,2026,11,리니지M,0.9%
2027,67,2027,12,모바일 종합 게임,0.9%
2028,67,2028,14,카트라이더,0.8%
2029,67,2029,15,리니지,0.7%
2030,67,2030,16,비디오게임,0.7%
2031,67,2031,17,로스트아크,0.6%
2032,67,2032,18,고전게임,0.4%
2033,67,2033,20,오버워치,0.4%
2034,67,2034,21,던파,0.4%
2035,67,2035,22,거상,0.3%
2036,67,2036,23,철권,0.3%
2037,67,2037,24,워크래프트,0.3%
2038,67,2038,25,엘리온,0.3%
2039,67,2039,26,바람의나라: 연,0.2%
2040,68,2040,28,세븐나이츠2,0.2%
2041,68,2041,29,V4,0.2%
2042,68,2042,30,에오스 레드,0.2%
2043,68,2043,1,LoL,49.8%
2044,68,2044,2,스타,7.5%
2045,68,2045,3,배틀그라운드,7.7%
2046,68,2046,5,피파온라인4,4.2%
2047,68,2047,6,PC 기타게임,3.2%
2048,68,2048,7,메이플스토리,2.5%
2049,68,2049,8,아이온,1.9%
2050,68,2050,9,오버워치,2%
2051,68,2051,10,미르4,1.5%
2052,68,2052,11,리니지M,1%
2053,68,2053,12,모바일 종합 게임,0.9%
2054,68,2054,13,스팀게임,1%
2055,68,2055,14,리니지,0.7%
2056,68,2056,15,비디오게임,0.8%
2057,68,2057,16,카트라이더,0.7%
2058,68,2058,17,TFT,0.7%
2059,68,2059,18,로스트아크,0.5%
2060,68,2060,20,던파,0.4%
2061,68,2061,21,스페셜포스,0.3%
2062,68,2062,22,거상,0.3%
2063,68,2063,23,철권,0.3%
2064,68,2064,24,워크래프트,0.2%
2065,68,2065,26,세븐나이츠2,0.2%
2066,68,2066,27,엘리온,0.2%
2067,68,2067,28,바람의나라: 연,0.2%
2068,68,2068,29,V4,0.2%
2069,68,2069,30,R2,0.2%
2070,69,2070,1,LoL,52%
2071,69,2071,2,스타,7.6%
2072,69,2072,3,배틀그라운드,7.7%
2073,69,2073,5,피파온라인4,3.5%
2074,69,2074,6,PC 기타게임,2.4%
2075,69,2075,7,메이플스토리,2.4%
2076,69,2076,8,아이온,1.8%
2077,69,2077,9,미르4,1.4%
2078,69,2078,10,TFT,1.1%
2079,69,2079,12,비디오게임,1%
2080,69,2080,14,모바일 종합 게임,0.8%
2081,69,2081,15,카트라이더,0.8%
2082,69,2082,16,리니지,0.7%
2083,69,2083,17,던파,0.4%
2084,69,2084,18,고전게임,0.4%
2085,69,2085,19,엘리온,0.4%
2086,69,2086,20,로스트아크,0.4%
2087,69,2087,21,바람의나라: 연,0.4%
2088,69,2088,22,GTA5,0.4%
2089,69,2089,23,오버워치,0.4%
2090,69,2090,24,철권,0.3%
2091,69,2091,25,스페셜포스,0.3%
2092,69,2092,26,세븐나이츠2,0.3%
2093,69,2093,27,테일즈런너,0.3%
2094,69,2094,29,워크래프트,0.2%
2095,69,2095,30,그랑사가,0.2%
2096,69,2096,1,LoL,54.4%
2097,69,2097,2,배틀그라운드,7.4%
2098,69,2098,3,스타,6.3%
2099,69,2099,5,피파온라인4,2.8%
2100,70,2100,6,메이플스토리,2.2%
2101,70,2101,7,아이온,1.8%
2102,70,2102,8,PC 기타게임,1.8%
2103,70,2103,9,철권,1.6%
2104,70,2104,10,스팀게임,1.2%
2105,70,2105,11,미르4,1.2%
2106,70,2106,12,TFT,1%
2107,70,2107,13,리니지M,0.8%
2108,70,2108,14,비디오게임,0.9%
2109,70,2109,17,엘리온,0.6%
2110,70,2110,18,모바일 종합 게임,0.5%
2111,70,2111,19,로스트아크,0.4%
2112,70,2112,21,오버워치,0.4%
2113,70,2113,23,스타2,0.3%
2114,70,2114,24,V4,0.3%
2115,70,2115,25,그랑사가,0.3%
2116,70,2116,26,세븐나이츠2,0.3%
2117,70,2117,27,스페셜포스,0.3%
2118,70,2118,29,디아블로2,0.2%
2119,70,2119,30,워크래프트,0.2%
2120,70,2120,1,LoL,48.3%
2121,70,2121,2,스타,8.3%
2122,70,2122,3,배틀그라운드,6.8%
2123,70,2123,5,피파온라인4,3.9%
2124,70,2124,6,메이플스토리,3.1%
2125,70,2125,7,아이온,2.4%
2126,70,2126,8,PC 기타게임,2.5%
2127,70,2127,10,스팀게임,1.8%
2128,70,2128,11,GTA5,1.6%
2129,70,2129,12,TFT,1.5%
2130,71,2130,13,비디오게임,1.2%
2131,71,2131,14,리니지,0.9%
2132,71,2132,15,카트라이더,0.8%
2133,71,2133,16,리니지M,0.8%
2134,71,2134,17,로스트아크,0.6%
2135,71,2135,18,모바일 종합 게임,0.5%
2136,71,2136,20,오버워치,0.4%
2137,71,2137,21,디아블로2,0.4%
2138,71,2138,22,엘리온,0.4%
2139,71,2139,23,고전게임,0.4%
2140,71,2140,24,스페셜포스,0.3%
2141,71,2141,25,철권,0.3%
2142,71,2142,26,워크래프트,0.3%
2143,71,2143,27,거상,0.3%
2144,71,2144,28,세븐나이츠2,0.3%
2145,71,2145,29,V4,0.3%
2146,71,2146,30,테일즈런너,0.2%
2147,71,2147,1,LoL,45.2%
2148,71,2148,2,배틀그라운드,10.6%
2149,71,2149,5,피파온라인4,4.9%
2150,71,2150,6,메이플스토리,4.1%
2151,71,2151,7,PC 기타게임,3.2%
2152,71,2152,8,아이온,2.6%
2153,71,2153,9,미르4,1.3%
2154,71,2154,10,스팀게임,1.2%
2155,71,2155,11,리니지,1%
2156,71,2156,12,리니지M,0.8%
2157,71,2157,13,카트라이더,0.9%
2158,71,2158,14,비디오게임,0.9%
2159,71,2159,15,로스트아크,0.7%
2160,72,2160,16,TFT,0.5%
2161,72,2161,17,모바일 종합 게임,0.5%
2162,72,2162,18,엘리온,0.5%
2163,72,2163,19,고전게임,0.5%
2164,72,2164,21,격투게임,0.5%
2165,72,2165,22,오버워치,0.4%
2166,72,2166,24,세븐나이츠2,0.3%
2167,72,2167,25,워크래프트,0.3%
2168,72,2168,26,V4,0.2%
2169,72,2169,27,바람의나라: 연,0.2%
2170,72,2170,30,테일즈런너,0.2%
2171,72,2171,1,LoL,46.9%
2172,72,2172,2,배틀그라운드,14.5%
2173,72,2173,3,스타,5.9%
2174,72,2174,4,서든어택,6.5%
2175,72,2175,5,메이플스토리,4.8%
2176,72,2176,6,피파온라인4,2.6%
2177,72,2177,7,PC 기타게임,2.5%
2178,72,2178,8,아이온,1.6%
2179,72,2179,9,스팀게임,1.4%
2180,72,2180,10,미르4,1.2%
2181,72,2181,11,V4,1.1%
2182,72,2182,12,리니지M,1%
2183,72,2183,13,리니지,0.9%
2184,72,2184,14,엘리온,0.8%
2185,72,2185,16,오버워치,0.7%
2186,72,2186,17,GTA5,0.6%
2187,72,2187,18,TFT,0.5%
2188,72,2188,19,모바일 종합 게임,0.4%
2189,72,2189,21,로스트아크,0.4%
2190,73,2190,22,고전게임,0.3%
2191,73,2191,23,비디오게임,0.3%
2192,73,2192,25,스페셜포스,0.2%
2193,73,2193,28,바람의나라: 연,0.2%
2194,73,2194,29,테일즈런너,0.2%
2195,73,2195,30,어몽 어스,0.2%
2196,73,2196,1,LoL,45.3%
2197,73,2197,2,배틀그라운드,8.9%
2198,73,2198,3,PC 기타게임,8.2%
2199,73,2199,4,스타,7%
2200,73,2200,5,서든어택,6.8%
2201,73,2201,6,스팀게임,2.6%
2202,73,2202,7,피파온라인4,2.3%
2203,73,2203,8,미르4,2%
2204,73,2204,9,메이플스토리,2.1%
2205,73,2205,10,아이온,1.7%
2206,73,2206,11,비디오게임,1.2%
2207,73,2207,12,리니지,0.9%
2208,73,2208,13,카트라이더,0.8%
2209,73,2209,14,리니지M,0.8%
2210,73,2210,15,V4,0.7%
2211,73,2211,16,TFT,0.6%
2212,73,2212,17,엘리온,0.6%
2213,73,2213,18,철권,0.5%
2214,73,2214,19,모바일 종합 게임,0.5%
2215,73,2215,20,던파,0.4%
2216,73,2216,21,GTA5,0.5%
2217,73,2217,22,바람의나라: 연,0.4%
2218,73,2218,23,로스트아크,0.4%
2219,73,2219,24,세븐나이츠2,0.4%
2220,74,2220,25,고전게임,0.3%
2221,74,2221,26,거상,0.3%
2222,74,2222,27,스페셜포스,0.3%
2223,74,2223,28,워크래프트,0.3%
2224,74,2224,29,오버워치,0.3%
2225,74,2225,30,어몽 어스,0.2%
2226,74,2226,1,LoL,56.9%
2227,74,2227,2,배틀그라운드,7.2%
2228,74,2228,3,스타,5.2%
2229,74,2229,4,서든어택,5.8%
2230,74,2230,5,피파온라인4,3.2%
2231,74,2231,6,메이플스토리,2.1%
2232,74,2232,7,던파,1.8%
2233,74,2233,9,PC 기타게임,1.6%
2234,74,2234,10,미르4,1.3%
2235,74,2235,11,모바일 종합 게임,1.4%
2236,74,2236,12,고전게임,1.2%
2237,74,2237,13,엘리온,0.8%
2238,74,2238,15,카트라이더,0.8%
2239,74,2239,16,철권,0.7%
2240,74,2240,17,리니지,0.6%
2241,74,2241,18,스팀게임,0.7%
2242,74,2242,19,TFT,0.5%
2243,74,2243,20,V4,0.4%
2244,74,2244,21,오버워치,0.4%
2245,74,2245,22,로스트아크,0.3%
2246,74,2246,23,어몽 어스,0.3%
2247,74,2247,24,세븐나이츠2,0.2%
2248,74,2248,25,스페셜포스,0.2%
2249,74,2249,26,워크래프트,0.2%
2250,75,2250,27,비디오게임,0.2%
2251,75,2251,29,바람의나라: 연,0.2%
2252,75,2252,30,GTA5,0.2%
2253,75,2253,1,LoL,40.4%
2254,75,2254,2,배틀그라운드,11.4%
2255,75,2255,3,피파온라인4,7.9%
2256,75,2256,4,스타,6.3%
2257,75,2257,5,서든어택,6.1%
2258,75,2258,6,메이플스토리,3.3%
2259,75,2259,7,카트라이더,2.7%
2260,75,2260,8,아이온,2.1%
2261,75,2261,9,PC 기타게임,2.3%
2262,75,2262,10,미르4,1.8%
2263,75,2263,11,엘리온,1.7%
2264,75,2264,12,TFT,1.5%
2265,75,2265,13,리니지M,1.1%
2266,75,2266,14,어몽 어스,1.2%
2267,75,2267,15,모바일 종합 게임,1.2%
2268,75,2268,16,리니지,0.9%
2269,75,2269,17,V4,0.9%
2270,75,2270,18,스팀게임,0.7%
2271,75,2271,19,철권,0.4%
2272,75,2272,20,사이버펑크 2077,0.4%
2273,75,2273,21,로스트아크,0.4%
2274,75,2274,22,고전게임,0.3%
2275,75,2275,23,던파,0.3%
2276,75,2276,24,GTA5,0.3%
2277,75,2277,25,세븐나이츠2,0.3%
2278,75,2278,26,스페셜포스,0.3%
2279,75,2279,28,비디오게임,0.3%
2280,76,2280,29,오버워치,0.2%
2281,76,2281,30,바람의나라: 연,0.2%
2282,76,2282,1,LoL,34.9%
2283,76,2283,2,배틀그라운드,12.2%
2284,76,2284,3,스타,8.4%
2285,76,2285,4,프리콘,6.8%
2286,76,2286,6,메이플스토리,3.3%
2287,76,2287,7,아이온,2.6%
2288,76,2288,8,엘리온,2.4%
2289,76,2289,9,카운터 스트라이크 온라,2.2%
2290,76,2290,10,사이버펑크 2077,2.2%
2291,76,2291,11,PC 기타게임,1.8%
2292,76,2292,12,피파온라인4,1.4%
2293,76,2293,13,미르4,1.3%
2294,76,2294,14,리니지M,1.1%
2295,76,2295,15,카트라이더,1.2%
2296,76,2296,16,스팀게임,1.1%
2297,76,2297,17,GTA5,1%
2298,76,2298,18,TFT,0.8%
2299,76,2299,19,비디오게임,0.9%
2300,76,2300,20,모바일 종합 게임,0.7%
2301,76,2301,21,리니지,0.5%
2302,76,2302,22,고전게임,0.4%
2303,76,2303,23,V4,0.4%
2304,76,2304,24,로스트아크,0.4%
2305,76,2305,25,바람의나라: 연,0.3%
2306,76,2306,26,던파,0.3%
2307,76,2307,27,스타2,0.3%
2308,76,2308,28,워크래프트,0.3%
2309,76,2309,29,스페셜포스,0.3%
2310,77,2310,30,철권,0.2%
2311,77,2311,1,LoL,36.7%
2312,77,2312,2,배틀그라운드,14%
2313,77,2313,3,스타,8.2%
2314,77,2314,5,프리콘,6.1%
2315,77,2315,6,PC 기타게임,2.7%
2316,77,2316,7,아이온,2.4%
2317,77,2317,8,메이플스토리,2.5%
2318,77,2318,9,피파온라인4,2%
2319,77,2319,10,미르4,1.7%
2320,77,2320,11,TFT,1.7%
2321,77,2321,12,GTA5,1.8%
2322,77,2322,13,리니지M,1.3%
2323,77,2323,14,엘리온,1.1%
2324,77,2324,15,스팀게임,0.8%
2325,77,2325,16,모바일 종합 게임,0.7%
2326,77,2326,17,카트라이더,0.7%
2327,77,2327,18,철권,0.7%
2328,77,2328,19,어몽 어스,0.7%
2329,77,2329,20,V4,0.5%
2330,77,2330,21,리니지,0.5%
2331,77,2331,22,데드 바이 데이라이트,0.5%
2332,77,2332,23,고전게임,0.4%
2333,77,2333,24,던파,0.4%
2334,77,2334,25,로스트아크,0.3%
2335,77,2335,26,바람의나라: 연,0.3%
2336,77,2336,27,워크래프트,0.3%
2337,77,2337,28,스페셜포스,0.3%
2338,77,2338,29,카운터 스트라이크 온라,0.2%
2339,77,2339,30,비디오게임,0.2%
2340,78,2340,1,LoL,28.4%
2341,78,2341,2,스타,16.6%
2342,78,2342,3,배틀그라운드,13.6%
2343,78,2343,5,메이플스토리,4.5%
2344,78,2344,6,피파온라인4,3.1%
2345,78,2345,7,아이온,3%
2346,78,2346,8,PC 기타게임,2.7%
2347,78,2347,9,리니지M,2.3%
2348,78,2348,10,TFT,2%
2349,78,2349,11,미르4,1.6%
2350,78,2350,12,엘리온,1.4%
2351,78,2351,13,던파,1.1%
2352,78,2352,14,모바일 종합 게임,1%
2353,78,2353,15,스팀게임,0.9%
2354,78,2354,16,철권,0.9%
2355,78,2355,17,카트라이더,0.7%
2356,78,2356,18,GTA5,0.7%
2357,78,2357,19,데드 바이 데이라이트,0.6%
2358,78,2358,20,리니지,0.6%
2359,78,2359,21,V4,0.6%
2360,78,2360,22,어몽 어스,0.4%
2361,78,2361,23,바람의나라: 연,0.4%
2362,78,2362,24,로스트아크,0.4%
2363,78,2363,25,고전게임,0.4%
2364,78,2364,26,워크래프트,0.3%
2365,78,2365,27,스페셜포스,0.2%
2366,78,2366,28,비디오게임,0.2%
2367,78,2367,29,오버워치,0.2%
2368,78,2368,30,세븐나이츠,0.2%
2369,78,2369,1,LoL,27.4%
2370,79,2370,3,배틀그라운드,16%
2371,79,2371,5,TFT,4.2%
2372,79,2372,6,아이온,4.1%
2373,79,2373,7,피파온라인4,3.7%
2374,79,2374,8,PC 기타게임,3.3%
2375,79,2375,9,메이플스토리,2.9%
2376,79,2376,10,스팀게임,1.5%
2377,79,2377,11,리니지M,1.3%
2378,79,2378,12,모바일 종합 게임,1.1%
2379,79,2379,13,어몽 어스,1.2%
2380,79,2380,14,V4,0.8%
2381,79,2381,15,카트라이더,0.7%
2382,79,2382,17,리니지2M,0.6%
2383,79,2383,18,철권,0.5%
2384,79,2384,19,데드 바이 데이라이트,0.5%
2385,79,2385,21,세븐나이츠,0.3%
2386,79,2386,22,고전게임,0.3%
2387,79,2387,25,비디오게임,0.3%
2388,79,2388,26,오버워치,0.3%
2389,79,2389,29,거상,0.2%
2390,79,2390,1,LoL,29.5%
2391,79,2391,2,배틀그라운드,19.1%
2392,79,2392,3,스타,11.5%
2393,79,2393,4,피파온라인4,7.1%
2394,79,2394,5,서든어택,7.8%
2395,79,2395,6,아이온,3.7%
2396,79,2396,7,TFT,2%
2397,79,2397,8,리니지M,1.8%
2398,79,2398,9,PC 기타게임,1.8%
2399,79,2399,10,메이플스토리,1.6%
2400,80,2400,11,스팀게임,1.6%
2401,80,2401,12,어몽 어스,1.5%
2402,80,2402,13,모바일 종합 게임,1.3%
2403,80,2403,14,고전게임,1.1%
2404,80,2404,15,카트라이더,1%
2405,80,2405,16,V4,0.9%
2406,80,2406,17,리니지,0.5%
2407,80,2407,18,철권,0.5%
2408,80,2408,19,로스트아크,0.4%
2409,80,2409,20,워크래프트,0.4%
2410,80,2410,21,바람의나라: 연,0.3%
2411,80,2411,23,비디오게임,0.4%
2412,80,2412,24,스페셜포스,0.3%
2413,80,2413,26,오버워치,0.2%
2414,80,2414,28,검은사막M,0.2%
2415,80,2415,29,스타2,0.1%
2416,80,2416,1,LoL,31.7%
2417,80,2417,2,스타,20.6%
2418,80,2418,3,배틀그라운드,15.2%
2419,80,2419,5,피파온라인4,3.2%
2420,80,2420,6,리니지M,1.8%
2421,80,2421,7,PC 기타게임,1.9%
2422,80,2422,8,메이플스토리,1.7%
2423,80,2423,9,TFT,1.6%
2424,80,2424,10,비디오게임,1.3%
2425,80,2425,11,모바일 종합 게임,1.2%
2426,80,2426,12,스팀게임,1%
2427,80,2427,13,V4,0.9%
2428,80,2428,14,어몽 어스,0.9%
2429,80,2429,15,카트라이더,0.9%
2430,81,2430,16,바람의나라: 연,0.7%
2431,81,2431,17,리니지,0.6%
2432,81,2432,18,워크래프트,0.6%
2433,81,2433,19,아이온,0.5%
2434,81,2434,20,로스트아크,0.5%
2435,81,2435,22,고전게임,0.4%
2436,81,2436,23,스타2,0.4%
2437,81,2437,25,오버워치,0.3%
2438,81,2438,26,철권,0.2%
2439,81,2439,29,포트리스,0.2%
2440,81,2440,30,검은사막M,0.2%
2441,81,2441,1,LOL,29.7%
2442,81,2442,2,배틀그라운드,18%
2443,81,2443,4,서든어택,11.2%
2444,81,2444,5,PC 기타게임,2.9%
2445,81,2445,6,TFT,2.5%
2446,81,2446,7,리니지M,2.1%
2447,81,2447,8,메이플스토리,1.9%
2448,81,2448,9,어몽 어스,1.8%
2449,81,2449,10,모바일 종합 게임,1.7%
2450,81,2450,11,피파온라인4,1.5%
2451,81,2451,12,미르4,0.8%
2452,81,2452,13,리니지,0.7%
2453,81,2453,14,카트라이더,0.7%
2454,81,2454,15,스팀게임,0.7%
2455,81,2455,16,바람의나라: 연,0.6%
2456,81,2456,17,비디오게임,0.5%
2457,81,2457,18,로스트아크,0.5%
2458,81,2458,19,고전게임,0.4%
2459,81,2459,21,V4,0.4%
2460,82,2460,22,철권,0.3%
2461,82,2461,23,아이온,0.3%
2462,82,2462,24,스페셜포스,0.3%
2463,82,2463,25,오버워치,0.3%
2464,82,2464,29,포트리스,0.2%
2465,82,2465,30,검은사막M,0.2%
2466,82,2466,1,LOL,34.1%
2467,82,2467,2,스타,17.2%
2468,82,2468,3,배틀그라운드,17.4%
2469,82,2469,5,리니지M,2.9%
2470,82,2470,6,TFT,2.7%
2471,82,2471,8,모바일 종합 게임,2.2%
2472,82,2472,9,PC 기타게임,1.7%
2473,82,2473,10,메이플스토리,1.5%
2474,82,2474,12,바람의나라: 연,0.7%
2475,82,2475,14,스팀게임,0.7%
2476,82,2476,15,로스트아크,0.6%
2477,82,2477,16,고전게임,0.4%
2478,82,2478,18,비디오게임,0.4%
2479,82,2479,19,V4,0.4%
2480,82,2480,20,어몽 어스,0.3%
2481,82,2481,22,아이온,0.3%
2482,82,2482,23,스타2,0.3%
2483,82,2483,25,철권,0.3%
2484,82,2484,27,오버워치,0.3%
2485,82,2485,29,검은사막M,0.2%
2486,82,2486,30,GTA5,0.2%
2487,82,2487,1,LOL,36.5%
2488,82,2488,2,스타,17.5%
2489,82,2489,3,배틀그라운드,12.5%
2490,83,2490,5,TFT,3.9%
2491,83,2491,6,모바일 종합 게임,2.6%
2492,83,2492,7,리니지M,2.1%
2493,83,2493,8,피파온라인4,2%
2494,83,2494,9,어몽 어스,2%
2495,83,2495,10,메이플스토리,1.6%
2496,83,2496,11,PC 기타게임,1.3%
2497,83,2497,12,스팀게임,0.9%
2498,83,2498,13,리니지,0.8%
2499,83,2499,15,바람의나라: 연,0.7%
2500,83,2500,16,V4,0.6%
2501,83,2501,17,로스트아크,0.6%
2502,83,2502,19,비디오게임,0.4%
2503,83,2503,21,스타2,0.4%
2504,83,2504,24,아이온,0.3%
2505,83,2505,27,철권,0.2%
2506,83,2506,30,Blade N Soul,0.2%
2507,83,2507,1,LOL,32%
2508,83,2508,2,스타,14.9%
2509,83,2509,3,배틀그라운드,15%
2510,83,2510,5,피파온라인4,6%
2511,83,2511,6,어몽 어스,3.4%
2512,83,2512,7,TFT,2.3%
2513,83,2513,8,리니지M,2%
2514,83,2514,9,메이플스토리,1.9%
2515,83,2515,10,스팀게임,2.1%
2516,83,2516,11,세븐나이츠,1.1%
2517,83,2517,12,모바일 종합 게임,1%
2518,83,2518,13,PC 기타게임,1%
2519,83,2519,14,바람의나라: 연,0.8%
2520,84,2520,15,카트라이더,0.8%
2521,84,2521,16,로스트아크,0.7%
2522,84,2522,17,리니지,0.7%
2523,84,2523,18,V4,0.6%
2524,84,2524,21,스타2,0.4%
2525,84,2525,23,워크래프트,0.3%
2526,84,2526,24,비디오게임,0.3%
2527,84,2527,25,오버워치,0.3%
2528,84,2528,26,거상,0.2%
2529,84,2529,27,아이온,0.2%
2530,84,2530,29,검은사막M,0.2%
2531,84,2531,30,Blade N Soul,0.2%
2532,84,2532,2,배틀그라운드,13%
2533,84,2533,3,스타,10.4%
2534,84,2534,5,TFT,6.1%
2535,84,2535,6,어몽 어스,4.2%
2536,84,2536,7,피파온라인4,3.7%
2537,84,2537,8,스팀게임,3.5%
2538,84,2538,9,리니지M,2.3%
2539,84,2539,10,메이플스토리,2.2%
2540,84,2540,11,V4,1.8%
2541,84,2541,12,모바일 종합 게임,1.9%
2542,84,2542,13,바람의나라: 연,1.2%
2543,84,2543,14,PC 기타게임,1.2%
2544,84,2544,15,로스트아크,1.1%
2545,84,2545,16,고전게임,1%
2546,84,2546,17,철권,0.9%
2547,84,2547,18,리니지,0.8%
2548,84,2548,19,카트라이더,0.9%
2549,84,2549,20,던파,0.4%
2550,85,2550,21,스페셜포스,0.4%
2551,85,2551,22,워크래프트,0.4%
2552,85,2552,23,비디오게임,0.4%
2553,85,2553,24,거상,0.3%
2554,85,2554,25,검은사막M,0.3%
2555,85,2555,27,아이온,0.2%
2556,85,2556,29,Blade N Soul,0.2%
2557,85,2557,30,마구마구,0.1%
2558,85,2558,1,LOL,40.5%
2559,85,2559,2,배틀그라운드,12.5%
2560,85,2560,5,메이플스토리,4.5%
2561,85,2561,6,TFT,2.8%
2562,85,2562,7,피파온라인4,2.4%
2563,85,2563,8,리니지M,2%
2564,85,2564,9,비디오게임,1.6%
2565,85,2565,10,V4,1.1%
2566,85,2566,11,PC 기타게임,1.2%
2567,85,2567,13,바람의나라: 연,0.9%
2568,85,2568,14,스팀게임,0.9%
2569,85,2569,15,로스트아크,0.9%
2570,85,2570,16,고전게임,0.8%
2571,85,2571,17,어몽 어스,0.9%
2572,85,2572,18,리니지,0.8%
2573,85,2573,19,카트라이더,0.8%
2574,85,2574,20,철권,0.4%
2575,85,2575,21,던파,0.4%
2576,85,2576,22,스페셜포스,0.4%
2577,85,2577,23,발로란트,0.4%
2578,85,2578,24,스타2,0.3%
2579,85,2579,26,오버워치,0.3%
2580,86,2580,27,거상,0.2%
2581,86,2581,29,아이온,0.2%
2582,86,2582,30,검은사막M,0.2%
2583,86,2583,1,LOL,34.3%
2584,86,2584,2,배틀그라운드,13.1%
2585,86,2585,3,스타,11.8%
2586,86,2586,4,서든어택,7.6%
2587,86,2587,5,피파온라인4,4.7%
2588,86,2588,6,어몽 어스,4.5%
2589,86,2589,7,리니지M,2.9%
2590,86,2590,8,메이플스토리,2.8%
2591,86,2591,9,TFT,2.3%
2592,86,2592,10,스팀게임,1.4%
2593,86,2593,11,V4,1.3%
2594,86,2594,12,모바일 종합 게임,1.2%
2595,86,2595,13,바람의나라: 연,1.1%
2596,86,2596,14,PC 기타게임,1.1%
2597,86,2597,15,로스트아크,1%
2598,86,2598,16,카트라이더,0.8%
2599,86,2599,17,리니지,0.7%
2600,86,2600,18,던파,0.5%
2601,86,2601,19,고전게임,0.5%
2602,86,2602,20,철권,0.5%
2603,86,2603,21,워크래프트,0.4%
2604,86,2604,22,스페셜포스,0.4%
2605,86,2605,23,발로란트,0.3%
2606,86,2606,24,비디오게임,0.3%
2607,86,2607,25,스타2,0.3%
2608,86,2608,27,오버워치,0.3%
2609,86,2609,28,검은사막M,0.2%
2610,87,2610,29,거상,0.2%
2611,87,2611,30,아이온,0.2%
2612,87,2612,1,LOL,34.2%
2613,87,2613,2,스타,13.8%
2614,87,2614,3,배틀그라운드,9.3%
2615,87,2615,4,철권,7.9%
2616,87,2616,5,서든어택,7%
2617,87,2617,6,고전게임,3.4%
2618,87,2618,7,리니지M,2.8%
2619,87,2619,8,스팀게임,2.5%
2620,87,2620,9,메이플스토리,2.2%
2621,87,2621,10,PC 기타게임,1.9%
2622,87,2622,11,피파온라인4,1.7%
2623,87,2623,12,바람의나라: 연,1.2%
2624,87,2624,13,모바일 종합 게임,1.1%
2625,87,2625,14,던파,1%
2626,87,2626,15,V4,0.9%
2627,87,2627,16,로스트아크,0.8%
2628,87,2628,18,카트라이더,0.7%
2629,87,2629,19,디아블로2,0.6%
2630,87,2630,20,TFT,0.5%
2631,87,2631,21,오버워치,0.4%
2632,87,2632,22,비디오게임,0.4%
2633,87,2633,23,스페셜포스,0.3%
2634,87,2634,25,워크래프트,0.3%
2635,87,2635,26,어몽 어스,0.3%
2636,87,2636,27,검은사막M,0.2%
2637,87,2637,29,GTA5,0.2%
2638,87,2638,1,LOL,40.9%
2639,87,2639,2,배틀그라운드,10.9%
2640,88,2640,3,스타,8.6%
2641,88,2641,5,철권,4.9%
2642,88,2642,6,리니지M,2.8%
2643,88,2643,7,피파온라인4,2.6%
2644,88,2644,8,어몽 어스,2.2%
2645,88,2645,9,메이플스토리,1.7%
2646,88,2646,10,발로란트,1.7%
2647,88,2647,11,바람의나라: 연,1.5%
2648,88,2648,12,PC 기타게임,1.6%
2649,88,2649,13,스팀게임,1.4%
2650,88,2650,14,V4,1.2%
2651,88,2651,15,TFT,1.2%
2652,88,2652,16,모바일 종합 게임,0.9%
2653,88,2653,17,리니지,0.8%
2654,88,2654,18,로스트아크,0.7%
2655,88,2655,19,카트라이더,0.7%
2656,88,2656,20,비디오게임,0.5%
2657,88,2657,21,고전게임,0.4%
2658,88,2658,22,하스스톤,0.4%
2659,88,2659,25,스타2,0.3%
2660,88,2660,27,테일즈런너,0.3%
2661,88,2661,1,LOL,35.2%
2662,88,2662,2,스타,12.2%
2663,88,2663,3,배틀그라운드,11%
2664,88,2664,5,피파온라인4,5.1%
2665,88,2665,6,리니지M,3.4%
2666,88,2666,7,스팀게임,2.5%
2667,88,2667,8,바람의나라: 연,2.3%
2668,88,2668,9,메이플스토리,2.2%
2669,88,2669,10,모바일 종합 게임,2.1%
2670,89,2670,11,PC 기타게임,1.9%
2671,89,2671,12,어몽 어스,1.8%
2672,89,2672,13,V4,1.1%
2673,89,2673,14,발로란트,1.1%
2674,89,2674,15,로스트아크,0.9%
2675,89,2675,16,비디오게임,0.7%
2676,89,2676,18,TFT,0.7%
2677,89,2677,19,카트라이더,0.7%
2678,89,2678,20,고전게임,0.5%
2679,89,2679,21,테일즈런너,0.4%
2680,89,2680,23,던파,0.4%
2681,89,2681,24,스페셜포스,0.3%
2682,89,2682,25,스타2,0.3%
2683,89,2683,27,철권,0.3%
2684,89,2684,1,LOL,21.9%
2685,89,2685,2,스타,18.2%
2686,89,2686,3,배틀그라운드,13.9%
2687,89,2687,5,리니지M,3.6%
2688,89,2688,6,스팀게임,3.9%
2689,89,2689,7,바람의나라: 연,2.9%
2690,89,2690,8,메이플스토리,2.5%
2691,89,2691,9,PC 기타게임,2.5%
2692,89,2692,10,피파온라인4,1.9%
2693,89,2693,11,TFT,1.5%
2694,89,2694,12,V4,1.4%
2695,89,2695,13,로스트아크,1.4%
2696,89,2696,14,발로란트,1.4%
2697,89,2697,15,모바일 종합 게임,1.1%
2698,89,2698,16,오버워치,1%
2699,89,2699,17,리니지,0.9%
2700,90,2700,18,카트라이더,0.9%
2701,90,2701,19,비디오게임,0.8%
2702,90,2702,20,폴 가이즈,0.8%
2703,90,2703,21,어몽 어스,0.8%
2704,90,2704,22,고전게임,0.5%
2705,90,2705,23,철권,0.4%
2706,90,2706,24,던파,0.4%
2707,90,2707,25,워크래프트,0.4%
2708,90,2708,26,스페셜포스,0.4%
2709,90,2709,27,섀도우 아레나,0.3%
2710,90,2710,29,거상,0.2%
2711,90,2711,2,배틀그라운드,9.7%
2712,90,2712,3,스타,7.1%
2713,90,2713,5,폴 가이즈,6.4%
2714,90,2714,6,바람의나라: 연,3.2%
2715,90,2715,7,리니지M,3.2%
2716,90,2716,8,피파온라인4,2.9%
2717,90,2717,9,메이플스토리,2.8%
2718,90,2718,10,스팀게임,2.9%
2719,90,2719,11,모바일 종합 게임,2.8%
2720,90,2720,12,PC 기타게임,2.3%
2721,90,2721,13,로스트아크,1.7%
2722,90,2722,14,TFT,1.2%
2723,90,2723,15,V4,1%
2724,90,2724,16,리니지,1%
2725,90,2725,17,비디오게임,0.9%
2726,90,2726,18,카트라이더,0.9%
2727,90,2727,19,철권,0.5%
2728,90,2728,21,고전게임,0.4%
2729,90,2729,22,섀도우 아레나,0.4%
2730,91,2730,23,워크래프트,0.4%
2731,91,2731,24,스타2,0.4%
2732,91,2732,25,던파,0.4%
2733,91,2733,26,스페셜포스,0.3%
2734,91,2734,27,리니지2M,0.3%
2735,91,2735,28,발로란트,0.3%
2736,91,2736,29,테일즈런너,0.3%
2737,91,2737,30,WOW,0.3%
2738,91,2738,1,LOL,29.6%
2739,91,2739,5,고전게임,4.7%
2740,91,2740,6,PC 기타게임,4.5%
2741,91,2741,7,리니지M,3.9%
2742,91,2742,8,메이플스토리,3.4%
2743,91,2743,9,스팀게임,3.4%
2744,91,2744,10,바람의나라: 연,2.5%
2745,91,2745,11,카트라이더,2.9%
2746,91,2746,12,TFT,2%
2747,91,2747,13,모바일 종합 게임,1.9%
2748,91,2748,14,철권,2.3%
2749,91,2749,15,피파온라인4,1.8%
2750,91,2750,16,V4,1.1%
2751,91,2751,17,비디오게임,0.8%
2752,91,2752,19,섀도우 아레나,0.4%
2753,91,2753,21,워크래프트,0.4%
2754,91,2754,22,로스트아크,0.4%
2755,91,2755,23,던파,0.4%
2756,91,2756,25,스타2,0.3%
2757,91,2757,26,거상,0.3%
2758,91,2758,27,아이온,0.3%
2759,91,2759,28,테일즈런너,0.3%
2760,92,2760,29,WOW,0.2%
2761,92,2761,30,리니지2M,0.2%
2762,92,2762,1,LOL,25.7%
2763,92,2763,2,배틀그라운드,18.5%
2764,92,2764,3,스타,8.6%
2765,92,2765,4,서든어택,8.6%
2766,92,2766,5,바람의나라: 연,4.8%
2767,92,2767,6,리니지M,4.2%
2768,92,2768,7,메이플스토리,3.7%
2769,92,2769,8,모바일 종합 게임,3.9%
2770,92,2770,9,피파온라인4,2.9%
2771,92,2771,10,PC 기타게임,2.6%
2772,92,2772,11,TFT,2.4%
2773,92,2773,12,스팀게임,1.6%
2774,92,2774,13,비디오게임,0.9%
2775,92,2775,14,V4,0.9%
2776,92,2776,15,리니지,0.8%
2777,92,2777,16,카트라이더,0.9%
2778,92,2778,17,오버워치,0.8%
2779,92,2779,18,마구마구,0.6%
2780,92,2780,20,던파,0.4%
2781,92,2781,21,스타2,0.4%
2782,92,2782,23,스페셜포스,0.4%
2783,92,2783,24,로스트아크,0.4%
2784,92,2784,25,리니지2M,0.3%
2785,92,2785,26,거상,0.3%
2786,92,2786,27,발로란트,0.3%
2787,92,2787,28,테일즈런너,0.2%
2788,92,2788,29,아이온,0.2%
2789,92,2789,30,엘리온,0.3%
2790,93,2790,1,LOL,26.6%
2791,93,2791,2,배틀그라운드,13.5%
2792,93,2792,3,스타,8.5%
2793,93,2793,4,바람의나라: 연,7.2%
2794,93,2794,5,서든어택,8%
2795,93,2795,6,리니지M,3.9%
2796,93,2796,7,메이플스토리,4.1%
2797,93,2797,8,거상,3.2%
2798,93,2798,9,PC 기타게임,2.8%
2799,93,2799,10,피파온라인4,2.7%
2800,93,2800,11,모바일 종합 게임,2.6%
2801,93,2801,12,오버워치,1.6%
2802,93,2802,13,비디오게임,1.7%
2803,93,2803,14,마구마구,1%
2804,93,2804,15,스팀게임,1.2%
2805,93,2805,16,TFT,1%
2806,93,2806,17,리니지,0.9%
2807,93,2807,18,카트라이더,0.9%
2808,93,2808,19,GTA5,0.8%
2809,93,2809,20,V4,0.5%
2810,93,2810,21,엘리온,0.5%
2811,93,2811,23,스타2,0.4%
2812,93,2812,24,던파,0.4%
2813,93,2813,26,로스트아크,0.3%
2814,93,2814,27,스페셜포스,0.3%
2815,93,2815,28,바람의나라,0.3%
2816,93,2816,29,철권,0.3%
2817,93,2817,30,발로란트,0.3%
2818,93,2818,1,LOL,27%
2819,93,2819,2,배틀그라운드,9.5%
2820,94,2820,3,스타,8.5%
2821,94,2821,4,서든어택,7.6%
2822,94,2822,5,바람의나라: 연,6.2%
2823,94,2823,6,리니지M,5.4%
2824,94,2824,7,메이플스토리,5%
2825,94,2825,8,모바일 종합 게임,4.6%
2826,94,2826,9,PC 기타게임,3.5%
2827,94,2827,10,피파온라인4,2.6%
2828,94,2828,11,마구마구,2.6%
2829,94,2829,12,스팀게임,2.5%
2830,94,2830,13,철권,2%
2831,94,2831,14,바람의나라,1.5%
2832,94,2832,15,TFT,1.1%
2833,94,2833,16,V4,0.9%
2834,94,2834,17,카트라이더,0.9%
2835,94,2835,18,비디오게임,0.8%
2836,94,2836,19,리니지,0.7%
2837,94,2837,20,오버워치,0.5%
2838,94,2838,21,고전게임,0.4%
2839,94,2839,22,던파,0.4%
2840,94,2840,23,워크래프트,0.4%
2841,94,2841,24,로스트아크,0.4%
2842,94,2842,25,스타2,0.4%
2843,94,2843,26,거상,0.3%
2844,94,2844,27,스페셜포스,0.3%
2845,94,2845,28,발로란트,0.3%
2846,94,2846,29,리니지2M,0.2%
2847,94,2847,30,디아블로2,0.2%
2848,94,2848,1,LOL,22.9%
2849,94,2849,2,배틀그라운드,12.5%
2850,95,2850,3,메이플스토리,11.8%
2851,95,2851,4,리니지M,8.5%
2852,95,2852,5,스타,7.7%
2853,95,2853,6,서든어택,7.4%
2854,95,2854,7,피파온라인4,6.1%
2855,95,2855,8,모바일 종합 게임,6.1%
2856,95,2856,9,PC 기타게임,2.8%
2857,95,2857,10,TFT,1.5%
2858,95,2858,11,철권,1.3%
2859,95,2859,12,스팀게임,1.1%
2860,95,2860,13,카트라이더,0.9%
2861,95,2861,14,V4,0.7%
2862,95,2862,15,비디오게임,0.7%
2863,95,2863,17,던파,0.4%
2864,95,2864,19,로스트아크,0.4%
2865,95,2865,21,거상,0.3%
2866,95,2866,22,스페셜포스,0.3%
2867,95,2867,23,발로란트,0.3%
2868,95,2868,24,리니지2M,0.3%
2869,95,2869,25,워크래프트,0.3%
2870,95,2870,26,검은사막M,0.2%
2871,95,2871,29,디아블로2,0.2%
2872,95,2872,30,아이온,0.2%
2873,95,2873,1,LOL,25.9%
2874,95,2874,2,스타,12.8%
2875,95,2875,3,메이플스토리,8.7%
2876,95,2876,5,배틀그라운드,8.8%
2877,95,2877,6,스팀게임,7%
2878,95,2878,7,리니지M,3%
2879,95,2879,8,피파온라인4,2.8%
2880,96,2880,9,TFT,2.5%
2881,96,2881,10,PC 기타게임,2.6%
2882,96,2882,11,모바일 종합 게임,1.5%
2883,96,2883,12,철권,1.3%
2884,96,2884,13,V4,1.3%
2885,96,2885,14,카트라이더,1.2%
2886,96,2886,15,리니지,0.9%
2887,96,2887,16,비디오게임,0.9%
2888,96,2888,17,던파,0.6%
2889,96,2889,18,고전게임,0.5%
2890,96,2890,19,워크래프트,0.5%
2891,96,2891,20,오버워치,0.5%
2892,96,2892,21,리니지2M,0.4%
2893,96,2893,22,거상,0.4%
2894,96,2894,23,로스트아크,0.4%
2895,96,2895,24,발로란트,0.4%
2896,96,2896,25,스타2,0.4%
2897,96,2897,26,스페셜포스,0.4%
2898,96,2898,27,패스오브엑자일,0.3%
2899,96,2899,28,GTA5,0.3%
2900,96,2900,29,테일즈런너,0.2%
2901,96,2901,30,아이온,0.2%
2902,96,2902,1,LOL,35.4%
2903,96,2903,2,배틀그라운드,11%
2904,96,2904,3,스타,10%
2905,96,2905,5,PC 기타게임,4.4%
2906,96,2906,6,피파온라인4,3.7%
2907,96,2907,7,스팀게임,3.4%
2908,96,2908,8,메이플스토리,2.9%
2909,96,2909,9,TFT,2.3%
2910,97,2910,10,리니지M,2%
2911,97,2911,11,모바일 종합 게임,1.7%
2912,97,2912,12,GTA5,1.7%
2913,97,2913,14,리니지2M,1%
2914,97,2914,15,비디오게임,1%
2915,97,2915,16,카트라이더,0.9%
2916,97,2916,18,워크래프트,0.5%
2917,97,2917,19,발로란트,0.5%
2918,97,2918,20,고전게임,0.5%
2919,97,2919,21,거상,0.5%
2920,97,2920,22,던파,0.5%
2921,97,2921,23,오버워치,0.4%
2922,97,2922,24,스타2,0.4%
2923,97,2923,25,로스트아크,0.4%
2924,97,2924,26,철권,0.3%
2925,97,2925,27,스페셜포스,0.3%
2926,97,2926,28,디아블로2,0.2%
2927,97,2927,29,아이온,0.2%
2928,97,2928,1,LOL,44.1%
2929,97,2929,2,스타,11.7%
2930,97,2930,5,메이플스토리,3.6%
2931,97,2931,6,TFT,3.1%
2932,97,2932,7,PC 기타게임,1.7%
2933,97,2933,8,스팀게임,1.4%
2934,97,2934,9,피파온라인4,1.3%
2935,97,2935,10,모바일 종합 게임,1.3%
2936,97,2936,11,리니지M,1.2%
2937,97,2937,12,V4,1.1%
2938,97,2938,14,비디오게임,0.8%
2939,97,2939,15,리니지2M,0.7%
2940,98,2940,16,던파,0.6%
2941,98,2941,17,리니지,0.6%
2942,98,2942,18,철권,0.4%
2943,98,2943,20,워크래프트,0.4%
2944,98,2944,21,로스트아크,0.3%
2945,98,2945,22,스타2,0.3%
2946,98,2946,23,발로란트,0.4%
2947,98,2947,24,오버워치,0.3%
2948,98,2948,25,거상,0.3%
2949,98,2949,26,스페셜포스,0.3%
2950,98,2950,27,GTA5,0.3%
2951,98,2951,28,모여봐요 동물의 숲,0.2%
2952,98,2952,29,디아블로2,0.2%
2953,98,2953,1,LOL,26.2%
2954,98,2954,2,스타,19.7%
2955,98,2955,3,배틀그라운드,15.5%
2956,98,2956,5,TFT,4.4%
2957,98,2957,6,스팀게임,2.6%
2958,98,2958,7,메이플스토리,2.4%
2959,98,2959,8,PC 기타게임,2.3%
2960,98,2960,9,피파온라인4,1.9%
2961,98,2961,10,V4,1.5%
2962,98,2962,11,리니지M,1.5%
2963,98,2963,12,던파,1.3%
2964,98,2964,13,모바일 종합 게임,1.2%
2965,98,2965,14,카트라이더,0.9%
2966,98,2966,15,GTA5,0.8%
2967,98,2967,16,비디오게임,0.8%
2968,98,2968,17,리니지,0.7%
2969,98,2969,18,철권,0.5%
2970,99,2970,20,발로란트,0.5%
2971,99,2971,21,거상,0.4%
2972,99,2972,22,로스트아크,0.4%
2973,99,2973,25,스페셜포스,0.4%
2974,99,2974,26,디아블로2,0.3%
2975,99,2975,27,검은사막M,0.3%
2976,99,2976,28,리니지2M,0.2%
2977,99,2977,29,디아블로3,0.2%
2978,99,2978,2,배틀그라운드,17.5%
2979,99,2979,3,스타,9.5%
2980,99,2980,5,메이플스토리,3.1%
2981,99,2981,6,스팀게임,2.8%
2982,99,2982,7,TFT,2.5%
2983,99,2983,8,피파온라인4,2.2%
2984,99,2984,9,PC 기타게임,1.8%
2985,99,2985,10,리니지M,1.5%
2986,99,2986,11,V4,1.4%
2987,99,2987,13,던파,1%
2988,99,2988,14,비디오게임,0.9%
2989,99,2989,15,카트라이더,0.9%
2990,99,2990,16,리니지,0.7%
2991,99,2991,17,GTA5,0.8%
2992,99,2992,18,모두의마블,0.6%
2993,99,2993,19,디아블로3,0.5%
2994,99,2994,21,모여봐요 동물의 숲,0.5%
2995,99,2995,23,스타2,0.5%
2996,99,2996,24,거상,0.4%
2997,99,2997,25,로스트아크,0.4%
2998,99,2998,26,발로란트,0.4%
2999,99,2999,27,워크래프트,0.4%
3000,100,3000,29,리니지2M,0.3%
3001,100,3001,1,LOL,33.9%
3002,100,3002,2,배틀그라운드,15.8%
3003,100,3003,3,스타,14.3%
3004,100,3004,4,서든어택,7.8%
3005,100,3005,5,TFT,5.8%
3006,100,3006,6,피파온라인4,3.2%
3007,100,3007,7,메이플스토리,2.2%
3008,100,3008,8,스팀게임,2.4%
3009,100,3009,9,리니지M,1.2%
3010,100,3010,10,PC 기타게임,1.1%
3011,100,3011,11,V4,0.9%
3012,100,3012,12,모바일 종합 게임,0.9%
3013,100,3013,13,카트라이더,0.9%
3014,100,3014,14,리니지,0.7%
3015,100,3015,15,비디오게임,0.7%
3016,100,3016,16,던파,0.4%
3017,100,3017,17,로스트아크,0.4%
3018,100,3018,18,스타2,0.4%
3019,100,3019,19,오버워치,0.4%
3020,100,3020,20,거상,0.4%
3021,100,3021,22,발로란트,0.4%
3022,100,3022,23,GTA5,0.3%
3023,100,3023,25,리니지2M,0.3%
3024,100,3024,26,마인크래프트,0.3%
3025,100,3025,28,콜 오브 듀티: 모던,0.3%
3026,100,3026,29,에오스 레드,0.2%
3027,100,3027,30,검은사막M,0.2%
3028,100,3028,1,LOL,30.8%
3029,100,3029,2,배틀그라운드,16.8%
3030,101,3030,3,TFT,8.1%
3031,101,3031,4,스타,7.1%
3032,101,3032,6,피파온라인4,3.8%
3033,101,3033,7,스팀게임,3.1%
3034,101,3034,8,GTA5,2.7%
3035,101,3035,9,메이플스토리,2.2%
3036,101,3036,10,리니지M,1.4%
3037,101,3037,11,PC 기타게임,1.3%
3038,101,3038,12,발로란트,1.2%
3039,101,3039,13,V4,1.2%
3040,101,3040,14,비디오게임,1.1%
3041,101,3041,16,카트라이더,1%
3042,101,3042,17,리니지,0.8%
3043,101,3043,18,모여봐요 동물의 숲,0.6%
3044,101,3044,19,로스트아크,0.5%
3045,101,3045,20,고전게임,0.5%
3046,101,3046,21,스타2,0.5%
3047,101,3047,22,던파,0.4%
3048,101,3048,23,리니지2M,0.4%
3049,101,3049,24,하스스톤,0.4%
3050,101,3050,25,오버워치,0.4%
3051,101,3051,26,스페셜포스,0.4%
3052,101,3052,27,워크래프트,0.4%
3053,101,3053,28,거상,0.4%
3054,101,3054,29,테일즈런너,0.3%
3055,101,3055,30,아이온,0.2%
3056,101,3056,1,LOL,30.2%
3057,101,3057,2,배틀그라운드,19.5%
3058,101,3058,3,스타,8.1%
3059,101,3059,5,TFT,7.3%
3060,102,3060,6,메이플스토리,2.8%
3061,102,3061,8,스팀게임,3.1%
3062,102,3062,9,PC 기타게임,1.9%
3063,102,3063,10,리니지M,1.6%
3064,102,3064,11,모바일 종합 게임,1.2%
3065,102,3065,12,발로란트,1.2%
3066,102,3066,13,V4,0.9%
3067,102,3067,16,비디오게임,0.7%
3068,102,3068,17,리니지2M,0.6%
3069,102,3069,18,로스트아크,0.5%
3070,102,3070,19,스타2,0.5%
3071,102,3071,20,고전게임,0.4%
3072,102,3072,24,거상,0.4%
3073,102,3073,26,GTA5,0.3%
3074,102,3074,27,테일즈런너,0.3%
3075,102,3075,29,콜 오브 듀티: 모던,0.2%
3076,102,3076,5,TFT,5.4%
3077,102,3077,6,발로란트,3.5%
3078,102,3078,7,피파온라인4,2.4%
3079,102,3079,9,스팀게임,2.5%
3080,102,3080,11,PC 기타게임,1.2%
3081,102,3081,12,V4,1%
3082,102,3082,13,모바일 종합 게임,1%
3083,102,3083,14,리니지,0.9%
3084,102,3084,15,카트라이더,0.8%
3085,102,3085,16,비디오게임,0.7%
3086,102,3086,17,던파,0.5%
3087,102,3087,18,리니지2M,0.5%
3088,102,3088,19,로스트아크,0.5%
3089,102,3089,20,고전게임,0.5%
3090,103,3090,21,스타2,0.5%
3091,103,3091,22,워크래프트,0.4%
3092,103,3092,23,철권,0.4%
3093,103,3093,25,거상,0.4%
3094,103,3094,26,오버워치,0.3%
3095,103,3095,27,테일즈런너,0.3%
3096,103,3096,28,GTA5,0.3%
3097,103,3097,29,콜 오브 듀티: 모던,0.3%
3098,103,3098,30,검은사막M,0.2%
3099,103,3099,1,LOL,36.3%
3100,103,3100,2,배틀그라운드,13.9%
3101,103,3101,3,스타,11.6%
3102,103,3102,5,TFT,4.2%
3103,103,3103,7,스팀게임,3.1%
3104,103,3104,8,메이플스토리,2%
3105,103,3105,9,V4,1.7%
3106,103,3106,10,리니지M,1.3%
3107,103,3107,11,GTA5,1.5%
3108,103,3108,12,고전게임,1.3%
3109,103,3109,13,PC 기타게임,1.1%
3110,103,3110,14,모바일 종합 게임,0.9%
3111,103,3111,15,카트라이더,0.9%
3112,103,3112,16,리니지,0.8%
3113,103,3113,17,비디오게임,0.7%
3114,103,3114,18,워크래프트,0.5%
3115,103,3115,19,리니지2M,0.5%
3116,103,3116,20,로스트아크,0.5%
3117,103,3117,21,철권,0.4%
3118,103,3118,22,던파,0.4%
3119,103,3119,23,스페셜포스,0.4%
3120,104,3120,24,모여봐요 동물의 숲,0.3%
3121,104,3121,26,에오스 레드,0.2%
3122,104,3122,27,스타2,0.3%
3123,104,3123,28,거상,0.3%
3124,104,3124,30,콜 오브 듀티: 모던,0.2%
3125,104,3125,1,LOL,37.9%
3126,104,3126,2,배틀그라운드,15.1%
3127,104,3127,3,스타,12.3%
3128,104,3128,5,TFT,3.9%
3129,104,3129,7,메이플스토리,1.9%
3130,104,3130,8,PC 기타게임,1.8%
3131,104,3131,9,리니지M,1.5%
3132,104,3132,11,V4,1.1%
3133,104,3133,12,스팀게임,1%
3134,104,3134,13,리니지,0.9%
3135,104,3135,14,비디오게임,0.9%
3136,104,3136,15,카트라이더,0.9%
3137,104,3137,16,로스트아크,0.5%
3138,104,3138,17,워크래프트,0.5%
3139,104,3139,18,고전게임,0.5%
3140,104,3140,19,던파,0.5%
3141,104,3141,20,철권,0.5%
3142,104,3142,21,리니지2M,0.4%
3143,104,3143,22,스페셜포스,0.4%
3144,104,3144,24,거상,0.3%
3145,104,3145,25,오버워치,0.4%
3146,104,3146,26,바람의나라,0.2%
3147,104,3147,29,GTA5,0.2%
3148,104,3148,30,콜 오브 듀티: 모던,0.2%
3149,104,3149,2,스타,16.5%
3150,105,3150,3,배틀그라운드,13.9%
3151,105,3151,6,비디오게임,2.7%
3152,105,3152,8,메이플스토리,2.1%
3153,105,3153,9,스팀게임,1.7%
3154,105,3154,10,PC 기타게임,1.6%
3155,105,3155,11,GTA5,1.5%
3156,105,3156,12,V4,1.2%
3157,105,3157,13,모바일 종합 게임,1.3%
3158,105,3158,14,리니지M,1.2%
3159,105,3159,15,리니지,0.8%
3160,105,3160,16,카트라이더,0.8%
3161,105,3161,17,오버워치,0.6%
3162,105,3162,18,워크래프트,0.5%
3163,105,3163,20,철권,0.5%
3164,105,3164,21,스페셜포스,0.4%
3165,105,3165,22,리니지2M,0.4%
3166,105,3166,23,던파,0.4%
3167,105,3167,24,고전게임,0.4%
3168,105,3168,25,스타2,0.3%
3169,105,3169,27,콜 오브 듀티: 모던,0.3%
3170,105,3170,1,LOL,34.5%
3171,105,3171,2,스타,13%
3172,105,3172,3,배틀그라운드,11.7%
3173,105,3173,5,TFT,5.3%
3174,105,3174,6,PC 기타게임,3.5%
3175,105,3175,7,스팀게임,2.3%
3176,105,3176,8,콜 오브 듀티: 모던,2%
3177,105,3177,9,메이플스토리,2%
3178,105,3178,11,비디오게임,1.3%
3179,105,3179,12,GTA5,1.4%
3180,106,3180,13,리니지M,1%
3181,106,3181,14,고전게임,1.1%
3182,106,3182,15,카트라이더,1%
3183,106,3183,16,모바일 종합 게임,0.9%
3184,106,3184,17,V4,0.8%
3185,106,3185,18,리니지,0.7%
3186,106,3186,19,리니지2M,0.5%
3187,106,3187,20,로스트아크,0.5%
3188,106,3188,21,던파,0.5%
3189,106,3189,22,오버워치,0.5%
3190,106,3190,23,스페셜포스,0.4%
3191,106,3191,24,워크래프트,0.4%
3192,106,3192,25,철권,0.3%
3193,106,3193,27,A3: 스틸얼라이브,0.3%
3194,106,3194,28,스타2,0.3%
3195,106,3195,29,블레스 모바일,0.2%
3196,106,3196,30,아이온,0.2%
3197,106,3197,1,LOL,38.6%
3198,106,3198,5,TFT,3.8%
3199,106,3199,6,스팀게임,2.6%
3200,106,3200,7,메이플스토리,2.1%
3201,106,3201,8,피파온라인4,1.8%
3202,106,3202,9,오버워치,1.6%
3203,106,3203,10,비디오게임,1.4%
3204,106,3204,11,PC 기타게임,1.2%
3205,106,3205,12,모바일 종합 게임,1.1%
3206,106,3206,13,카트라이더,1.1%
3207,106,3207,14,리니지M,1%
3208,106,3208,15,리니지2M,0.9%
3209,106,3209,16,리니지,0.7%
3210,107,3210,17,V4,0.7%
3211,107,3211,18,콜 오브 듀티: 모던,0.7%
3212,107,3212,20,고전게임,0.4%
3213,107,3213,21,스페셜포스,0.4%
3214,107,3214,22,워크래프트,0.4%
3215,107,3215,23,던파,0.4%
3216,107,3216,24,A3: 스틸얼라이브,0.3%
3217,107,3217,26,카오스 모바일,0.3%
3218,107,3218,27,GTA5,0.4%
3219,107,3219,28,검은사막M,0.2%
3220,107,3220,29,모두의마블,0.2%
3221,107,3221,1,LOL,37.5%
3222,107,3222,2,배틀그라운드,11.1%
3223,107,3223,3,스타,10.8%
3224,107,3224,5,스팀게임,5%
3225,107,3225,6,메이플스토리,3.7%
3226,107,3226,7,비디오게임,3.2%
3227,107,3227,8,콜 오브 듀티: 모던,2.6%
3228,107,3228,9,피파온라인4,2%
3229,107,3229,10,TFT,1.7%
3230,107,3230,11,PC 기타게임,1.6%
3231,107,3231,12,리니지M,1%
3232,107,3232,14,카오스 모바일,0.8%
3233,107,3233,15,카트라이더,0.9%
3234,107,3234,16,오버워치,0.8%
3235,107,3235,18,리니지2M,0.7%
3236,107,3236,19,모바일 종합 게임,0.6%
3237,107,3237,20,로스트아크,0.5%
3238,107,3238,21,스타2,0.5%
3239,107,3239,22,고전게임,0.4%
3240,108,3240,23,던파,0.4%
3241,108,3241,24,A3: 스틸얼라이브,0.4%
3242,108,3242,25,스페셜포스,0.4%
3243,108,3243,26,거상,0.4%
3244,108,3244,28,포트리스,0.2%
3245,108,3245,29,마인크래프트,0.2%
3246,108,3246,1,LOL,39.7%
3247,108,3247,2,스타,9.9%
3248,108,3248,3,배틀그라운드,8.5%
3249,108,3249,4,서든어택,8.3%
3250,108,3250,5,콜 오브 듀티: 모던,6.8%
3251,108,3251,6,메이플스토리,3.4%
3252,108,3252,7,PC 기타게임,2.8%
3253,108,3253,8,카트라이더,1.8%
3254,108,3254,9,피파온라인4,1.5%
3255,108,3255,10,고전게임,1.4%
3256,108,3256,11,비디오게임,1%
3257,108,3257,12,V4,1%
3258,108,3258,13,GTA5,1.1%
3259,108,3259,14,스팀게임,1%
3260,108,3260,15,리니지M,0.9%
3261,108,3261,16,TFT,0.9%
3262,108,3262,17,모바일 종합 게임,0.9%
3263,108,3263,18,리니지,0.7%
3264,108,3264,19,A3: 스틸얼라이브,0.7%
3265,108,3265,20,카오스 모바일,0.5%
3266,108,3266,21,로스트아크,0.5%
3267,108,3267,22,던파,0.4%
3268,108,3268,23,리니지2M,0.4%
3269,108,3269,24,워크래프트,0.4%
3270,109,3270,25,스타2,0.4%
3271,109,3271,26,철권,0.4%
3272,109,3272,27,스페셜포스,0.4%
3273,109,3273,28,거상,0.4%
3274,109,3274,29,오버워치,0.3%
3275,109,3275,30,검은사막M,0.2%
3276,109,3276,1,LOL,47.9%
3277,109,3277,2,배틀그라운드,11.7%
3278,109,3278,3,서든어택,6.9%
3279,109,3279,4,스타,6%
3280,109,3280,5,콜 오브 듀티: 모던,3.8%
3281,109,3281,6,메이플스토리,3.2%
3282,109,3282,7,PC 기타게임,2.6%
3283,109,3283,8,피파온라인4,1.7%
3284,109,3284,9,모바일 종합 게임,1.6%
3285,109,3285,10,V4,1.1%
3286,109,3286,11,카오스 모바일,0.9%
3287,109,3287,12,리니지M,0.9%
3288,109,3288,13,리니지,0.9%
3289,109,3289,14,오버워치,0.9%
3290,109,3290,15,카트라이더,0.8%
3291,109,3291,17,스팀게임,0.6%
3292,109,3292,18,로스트아크,0.6%
3293,109,3293,20,A3: 스틸얼라이브,0.5%
3294,109,3294,21,TFT,0.4%
3295,109,3295,24,워크래프트,0.4%
3296,109,3296,25,스페셜포스,0.3%
3297,109,3297,26,거상,0.3%
3298,109,3298,27,검은사막M,0.2%
3299,109,3299,28,아이온,0.2%
3300,110,3300,1,LOL,42.6%
3301,110,3301,2,배틀그라운드,18.1%
3302,110,3302,5,PC 기타게임,3%
3303,110,3303,6,피파온라인4,2.4%
3304,110,3304,7,메이플스토리,2.2%
3305,110,3305,8,리니지M,1.5%
3306,110,3306,9,카트라이더,1.6%
3307,110,3307,10,고전게임,1.2%
3308,110,3308,11,GTA5,1.2%
3309,110,3309,12,모바일 종합 게임,1%
3310,110,3310,13,V4,0.9%
3311,110,3311,14,카오스 모바일,0.8%
3312,110,3312,15,리니지2M,0.8%
3313,110,3313,16,리니지,0.8%
3314,110,3314,17,비디오게임,0.7%
3315,110,3315,18,로스트아크,0.5%
3316,110,3316,19,스팀게임,0.5%
3317,110,3317,20,TFT,0.5%
3318,110,3318,21,던파,0.5%
3319,110,3319,24,오버워치,0.3%
3320,110,3320,26,모두의마블,0.2%
3321,110,3321,28,검은사막M,0.2%
3322,110,3322,29,Blade N Soul,0.2%
3323,110,3323,30,에오스 레드,0.2%
3324,110,3324,1,LOL,37.6%
3325,110,3325,2,배틀그라운드,18.3%
3326,110,3326,3,스타,10.7%
3327,110,3327,5,메이플스토리,3.6%
3328,110,3328,6,PC 기타게임,2.5%
3329,110,3329,7,피파온라인4,2.3%
3330,111,3330,8,리니지,1.3%
3331,111,3331,9,카트라이더,1.3%
3332,111,3332,10,리니지M,1.2%
3333,111,3333,11,모바일 종합 게임,1%
3334,111,3334,12,비디오게임,0.9%
3335,111,3335,13,V4,0.8%
3336,111,3336,14,로스트아크,0.8%
3337,111,3337,16,TFT,0.6%
3338,111,3338,17,고전게임,0.6%
3339,111,3339,18,카오스 모바일,0.6%
3340,111,3340,19,던파,0.5%
3341,111,3341,20,워크래프트,0.5%
3342,111,3342,21,스팀게임,0.5%
3343,111,3343,22,GTA5,0.4%
3344,111,3344,23,스페셜포스,0.4%
3345,111,3345,24,오버워치,0.4%
3346,111,3346,25,Blade N Soul,0.3%
3347,111,3347,27,아이온,0.3%
3348,111,3348,28,모두의마블,0.2%
3349,111,3349,30,WOW,0.2%
3350,111,3350,1,LOL,44%
3351,111,3351,2,배틀그라운드,15.1%
3352,111,3352,5,메이플스토리,3%
3353,111,3353,6,피파온라인4,2.5%
3354,111,3354,7,PC 기타게임,2%
3355,111,3355,8,카트라이더,1.9%
3356,111,3356,9,철권,1.8%
3357,111,3357,10,고전게임,1.6%
3358,111,3358,11,리니지,1.4%
3359,111,3359,12,스팀게임,1.4%
3360,112,3360,13,GTA5,1.2%
3361,112,3361,14,비디오게임,0.9%
3362,112,3362,15,TFT,0.6%
3363,112,3363,16,로스트아크,0.6%
3364,112,3364,17,던파,0.5%
3365,112,3365,18,워크래프트,0.4%
3366,112,3366,20,스페셜포스,0.4%
3367,112,3367,21,거상,0.3%
3368,112,3368,22,아이온,0.2%
3369,112,3369,23,WOW,0.3%
3370,112,3370,24,Blade N Soul,0.2%
3371,112,3371,25,스컬,0.2%
3372,112,3372,27,디아블로2,0.1%
3373,112,3373,28,R2,0.1%
3374,112,3374,29,프리스타일,0.1%
3375,112,3375,30,마인크래프트,0.1%
3376,112,3376,1,LOL,47.7%
3377,112,3377,2,배틀그라운드,13.4%
3378,112,3378,4,서든어택,9.2%
3379,112,3379,5,메이플스토리,3.9%
3380,112,3380,8,리니지,1.5%
3381,112,3381,9,비디오게임,1.1%
3382,112,3382,10,카트라이더,1%
3383,112,3383,11,로스트아크,0.8%
3384,112,3384,12,던파,0.7%
3385,112,3385,13,스팀게임,0.7%
3386,112,3386,14,TFT,0.6%
3387,112,3387,15,고전게임,0.6%
3388,112,3388,16,워크래프트,0.5%
3389,112,3389,17,스페셜포스,0.4%
3390,113,3390,19,거상,0.3%
3391,113,3391,20,하스스톤,0.3%
3392,113,3392,21,아이온,0.3%
3393,113,3393,22,WOW,0.3%
3394,113,3394,23,Blade N Soul,0.3%
3395,113,3395,24,GTA5,0.3%
3396,113,3396,25,테일즈런너,0.2%
3397,113,3397,27,프리스타일,0.2%
3398,113,3398,28,디아블로2,0.2%
3399,113,3399,29,철권,0.2%
3400,113,3400,30,버블파이터,0.1%
3401,113,3401,1,LOL,48.2%
3402,113,3402,2,배틀그라운드,10.2%
3403,113,3403,5,메이플스토리,5.4%
3404,113,3404,7,PC 기타게임,1.9%
3405,113,3405,8,리니지,1.4%
3406,113,3406,9,던파,1.2%
3407,113,3407,10,비디오게임,1.1%
3408,113,3408,11,카트라이더,1%
3409,113,3409,12,하스스톤,0.9%
3410,113,3410,14,TFT,0.6%
3411,113,3411,15,로스트아크,0.7%
3412,113,3412,16,바람의나라,0.7%
3413,113,3413,17,오버워치,0.6%
3414,113,3414,18,워크래프트,0.6%
3415,113,3415,19,고전게임,0.5%
3416,113,3416,20,스페셜포스,0.4%
3417,113,3417,21,거상,0.3%
3418,113,3418,22,아이온,0.3%
3419,113,3419,23,Blade N Soul,0.2%
3420,114,3420,24,테일즈런너,0.2%
3421,114,3421,25,GTA5,0.2%
3422,114,3422,26,WOW,0.2%
3423,114,3423,27,프리스타일,0.2%
3424,114,3424,28,R2,0.1%
3425,114,3425,29,철권,0.1%
3426,114,3426,30,버블파이터,0.1%
3427,114,3427,1,LOL,47.1%
3428,114,3428,2,배틀그라운드,10.3%
3429,114,3429,4,서든어택,7.7%
3430,114,3430,5,메이플스토리,4.5%
3431,114,3431,7,PC 기타게임,3.2%
3432,114,3432,8,GTA5,1.9%
3433,114,3433,9,고전게임,1.5%
3434,114,3434,10,스팀게임,1.1%
3435,114,3435,11,리니지,1.1%
3436,114,3436,12,비디오게임,1%
3437,114,3437,13,카트라이더,1%
3438,114,3438,14,던파,0.8%
3439,114,3439,15,TFT,0.7%
3440,114,3440,16,로스트아크,0.7%
3441,114,3441,17,오버워치,0.7%
3442,114,3442,18,워크래프트,0.5%
3443,114,3443,20,거상,0.4%
3444,114,3444,21,아이온,0.2%
3445,114,3445,22,Blade N Soul,0.2%
3446,114,3446,23,레전드 오브 룬테라,0.2%
3447,114,3447,25,WOW,0.2%
3448,114,3448,26,프리스타일,0.2%
3449,114,3449,27,버블파이터,0.1%
3450,115,3450,28,R2,0.1%
3451,115,3451,29,사이퍼즈,0.1%
3452,115,3452,1,LOL,37.1%
3453,115,3453,2,배틀그라운드,15.5%
3454,115,3454,3,서든어택,10.1%
3455,115,3455,4,메이플스토리,7.8%
3456,115,3456,5,스타,7.3%
3457,115,3457,6,피파온라인4,3.6%
3458,115,3458,7,오버워치,3.4%
3459,115,3459,8,PC 기타게임,2.4%
3460,115,3460,9,비디오게임,1.2%
3461,115,3461,10,스팀게임,1.1%
3462,115,3462,11,카트라이더,1%
3463,115,3463,12,리니지,1%
3464,115,3464,13,던파,1%
3465,115,3465,14,로스트아크,0.9%
3466,115,3466,15,고전게임,0.7%
3467,115,3467,17,레전드 오브 룬테라,0.6%
3468,115,3468,18,스페셜포스,0.4%
3469,115,3469,19,워크래프트,0.4%
3470,115,3470,20,거상,0.3%
3471,115,3471,21,아이온,0.3%
3472,115,3472,22,Blade N Soul,0.3%
3473,115,3473,23,스타2,0.2%
3474,115,3474,26,프리스타일,0.2%
3475,115,3475,27,R2,0.2%
3476,115,3476,28,GTA5,0.2%
3477,115,3477,29,버블파이터,0.2%
3478,115,3478,30,디아블로2,0.1%
3479,115,3479,2,배틀그라운드,19.7%
3480,116,3480,3,서든어택,8.6%
3481,116,3481,4,메이플스토리,6.5%
3482,116,3482,5,스타,6.3%
3483,116,3483,6,마인크래프트,3.7%
3484,116,3484,9,비디오게임,1%
3485,116,3485,10,리니지,0.9%
3486,116,3486,11,카트라이더,0.9%
3487,116,3487,12,던파,0.9%
3488,116,3488,13,로스트아크,0.8%
3489,116,3489,14,스팀게임,0.7%
3490,116,3490,16,고전게임,0.6%
3491,116,3491,17,오버워치,0.4%
3492,116,3492,18,스페셜포스,0.4%
3493,116,3493,19,워크래프트,0.3%
3494,116,3494,20,거상,0.3%
3495,116,3495,21,아이온,0.2%
3496,116,3496,22,Blade N Soul,0.2%
3497,116,3497,23,스타2,0.2%
3498,116,3498,24,테일즈런너,0.2%
3499,116,3499,25,WOW,0.2%
3500,116,3500,26,GTA5,0.1%
3501,116,3501,27,R2,0.1%
3502,116,3502,28,패스오브엑자일,0.1%
3503,116,3503,29,디아블로2,0.1%
3504,116,3504,30,버블파이터,0.1%
3505,116,3505,1,LOL,38.7%
3506,116,3506,2,배틀그라운드,20.6%
3507,116,3507,3,서든어택,7.9%
3508,116,3508,4,스타,5.9%
3509,116,3509,5,피파온라인4,4%
3510,117,3510,6,메이플스토리,3.9%
3511,117,3511,7,마인크래프트,4.2%
3512,117,3512,9,스팀게임,1.4%
3513,117,3513,10,리니지,1%
3514,117,3514,11,GTA5,1.2%
3515,117,3515,12,비디오게임,0.9%
3516,117,3516,13,카트라이더,0.9%
3517,117,3517,14,TFT,0.8%
3518,117,3518,15,던파,0.8%
3519,117,3519,16,로스트아크,0.6%
3520,117,3520,17,고전게임,0.6%
3521,117,3521,18,오버워치,0.5%
3522,117,3522,19,워크래프트,0.5%
3523,117,3523,20,스페셜포스,0.4%
3524,117,3524,21,거상,0.3%
3525,117,3525,22,스타2,0.2%
3526,117,3526,23,아이온,0.2%
3527,117,3527,25,프리스타일,0.2%
3528,117,3528,26,WOW,0.2%
3529,117,3529,27,디아블로2,0.2%
3530,117,3530,29,패스오브엑자일,0.1%
3531,117,3531,1,LOL,37.3%
3532,117,3532,2,배틀그라운드,19.6%
3533,117,3533,5,메이플스토리,3.8%
3534,117,3534,6,마인크래프트,3.8%
3535,117,3535,7,피파온라인4,3.2%
3536,117,3536,8,PC 기타게임,2.2%
3537,117,3537,9,오버워치,1.8%
3538,117,3538,10,던파,1.7%
3539,117,3539,12,비디오게임,1.1%
3540,118,3540,13,카트라이더,1%
3541,118,3541,14,GTA5,0.9%
3542,118,3542,15,TFT,0.9%
3543,118,3543,16,로스트아크,0.7%
3544,118,3544,17,고전게임,0.7%
3545,118,3545,18,스팀게임,0.7%
3546,118,3546,19,워크래프트,0.4%
3547,118,3547,21,거상,0.4%
3548,118,3548,24,WOW,0.2%
3549,118,3549,25,프리스타일,0.2%
3550,118,3550,28,R2,0.2%
3551,118,3551,29,포트리스,0.2%
3552,118,3552,30,디아블로2,0.2%
3553,118,3553,2,배틀그라운드,17.6%
3554,118,3554,6,마인크래프트,4.7%
3555,118,3555,7,메이플스토리,3.9%
3556,118,3556,9,오버워치,1.7%
3557,118,3557,10,비디오게임,1.4%
3558,118,3558,11,던파,1.2%
3559,118,3559,12,리니지,1.2%
3560,118,3560,13,카트라이더,1.1%
3561,118,3561,14,TFT,0.9%
3562,118,3562,15,스팀게임,0.8%
3563,118,3563,16,로스트아크,0.7%
3564,118,3564,17,고전게임,0.6%
3565,118,3565,19,거상,0.4%
3566,118,3566,21,아이온,0.3%
3567,118,3567,22,GTA5,0.2%
3568,118,3568,23,Blade N Soul,0.2%
3569,118,3569,24,WOW,0.2%
3570,119,3570,25,디아블로2,0.2%
3571,119,3571,26,스타2,0.2%
3572,119,3572,28,철권,0.2%
3573,119,3573,29,프리스타일,0.1%
3574,119,3574,30,패스오브엑자일,0.1%
3575,119,3575,2,배틀그라운드,22.5%
3576,119,3576,3,스타,17.6%
3577,119,3577,5,피파온라인4,6.2%
3578,119,3578,7,PC 기타게임,2.1%
3579,119,3579,8,마인크래프트,2%
3580,119,3580,9,레인보우 식스,1.3%
3581,119,3581,10,비디오게임,1.1%
3582,119,3582,11,TFT,1%
3583,119,3583,13,오버워치,0.9%
3584,119,3584,14,카트라이더,0.9%
3585,119,3585,15,던파,0.7%
3586,119,3586,16,스팀게임,0.6%
3587,119,3587,18,고전게임,0.6%
3588,119,3588,21,WOW,0.3%
3589,119,3589,22,거상,0.3%
3590,119,3590,23,프리스타일,0.2%
3591,119,3591,24,아이온,0.2%
3592,119,3592,25,Blade N Soul,0.2%
3593,119,3593,26,패스오브엑자일,0.2%
3594,119,3594,27,철권,0.2%
3595,119,3595,28,디아블로2,0.2%
3596,119,3596,30,스타2,0.2%
3597,119,3597,1,LOL,29.8%
3598,119,3598,2,배틀그라운드,20.2%
3599,119,3599,3,스타,15.2%
3600,120,3600,5,피파온라인4,8.1%
3601,120,3601,7,비디오게임,1.6%
3602,120,3602,8,PC 기타게임,1.4%
3603,120,3603,9,마인크래프트,1.1%
3604,120,3604,10,리니지,1.1%
3605,120,3605,11,TFT,1.1%
3606,120,3606,12,카트라이더,1%
3607,120,3607,13,오버워치,0.9%
3608,120,3608,14,스팀게임,0.7%
3609,120,3609,15,고전게임,0.7%
3610,120,3610,16,로스트아크,0.5%
3611,120,3611,17,던파,0.5%
3612,120,3612,18,워크래프트,0.4%
3613,120,3613,21,WOW,0.3%
3614,120,3614,22,아이온,0.2%
3615,120,3615,23,Blade N Soul,0.2%
3616,120,3616,24,철권,0.2%
3617,120,3617,26,바람의나라,0.2%
3618,120,3618,27,버블파이터,0.2%
3619,120,3619,29,히오스,0.1%
3620,120,3620,30,디아블로3,0.1%
3621,120,3621,1,LOL,27.6%
3622,120,3622,2,배틀그라운드,20.7%
3623,120,3623,3,스타,13.8%
3624,120,3624,4,서든어택,10.3%
3625,120,3625,5,피파온라인4,4.7%
3626,120,3626,6,메이플스토리,3.1%
3627,120,3627,7,비디오게임,2.6%
3628,120,3628,9,리니지,1.4%
3629,120,3629,10,오버워치,1.4%
3630,121,3630,11,바람의나라,1.3%
3631,121,3631,12,마인크래프트,1.2%
3632,121,3632,13,TFT,1.1%
3633,121,3633,14,카트라이더,1.1%
3634,121,3634,15,스팀게임,0.9%
3635,121,3635,16,로스트아크,0.8%
3636,121,3636,17,고전게임,0.7%
3637,121,3637,18,워크래프트,0.5%
3638,121,3638,19,던파,0.4%
3639,121,3639,20,거상,0.4%
3640,121,3640,22,WOW,0.4%
3641,121,3641,23,Blade N Soul,0.3%
3642,121,3642,24,아이온,0.3%
3643,121,3643,25,철권,0.2%
3644,121,3644,26,GTA5,0.2%
3645,121,3645,27,디아블로3,0.2%
3646,121,3646,28,디아블로2,0.2%
3647,121,3647,1,LOL,30.6%
3648,121,3648,3,비디오게임,10.3%
3649,121,3649,4,스타,9.2%
3650,121,3650,5,서든어택,7.3%
3651,121,3651,6,피파온라인4,4.7%
3652,121,3652,7,메이플스토리,3.1%
3653,121,3653,8,PC 기타게임,2.7%
3654,121,3654,9,바람의나라,1.8%
3655,121,3655,10,리니지,1.5%
3656,121,3656,11,TFT,1.2%
3657,121,3657,12,마인크래프트,1.1%
3658,121,3658,13,카트라이더,1.1%
3659,121,3659,14,고전게임,0.6%
3660,122,3660,15,스팀게임,0.6%
3661,122,3661,16,오버워치,0.4%
3662,122,3662,17,로스트아크,0.4%
3663,122,3663,20,WOW,0.4%
3664,122,3664,24,Blade N Soul,0.3%
3665,122,3665,25,디아블로3,0.2%
3666,122,3666,26,철권,0.2%
3667,122,3667,27,디아블로2,0.2%
3668,122,3668,28,GTA5,0.2%
3669,122,3669,29,레인보우 식스,0.2%
3670,122,3670,30,테일즈런너,0.1%
3671,122,3671,1,LOL,31.5%
3672,122,3672,3,비디오게임,11.2%
3673,122,3673,4,스타,10.9%
3674,122,3674,5,서든어택,6.9%
3675,122,3675,6,피파온라인4,5.2%
3676,122,3676,7,스팀게임,2.9%
3677,122,3677,8,G-STAR,2.8%
3678,122,3678,9,메이플스토리,2.7%
3679,122,3679,10,PC 기타게임,1.5%
3680,122,3680,11,리니지,1.4%
3681,122,3681,12,카트라이더,1.2%
3682,122,3682,13,TFT,0.8%
3683,122,3683,15,WOW,0.6%
3684,122,3684,16,로스트아크,0.4%
3685,122,3685,17,오버워치,0.4%
3686,122,3686,18,워크래프트,0.4%
3687,122,3687,19,스페셜포스,0.4%
3688,122,3688,21,아이온,0.3%
3689,122,3689,22,거상,0.3%
3690,123,3690,24,디아블로2,0.2%
3691,123,3691,25,디아블로3,0.2%
3692,123,3692,26,스타2,0.1%
3693,123,3693,27,버블파이터,0.1%
3694,123,3694,28,사이퍼즈,0.1%
3695,123,3695,29,바람의나라,0.1%
3696,123,3696,30,GTA5,0.1%
3697,123,3697,1,LOL,41.5%
3698,123,3698,2,배틀그라운드,14.2%
3699,123,3699,3,스타,12%
3700,123,3700,6,메이플스토리,2.8%
3701,123,3701,7,스팀게임,2.6%
3702,123,3702,8,바람의나라,1.9%
3703,123,3703,9,비디오게임,1.6%
3704,123,3704,10,PC 기타게임,1.6%
3705,123,3705,11,리니지,1.5%
3706,123,3706,12,카트라이더,1.4%
3707,123,3707,13,GTA5,0.9%
3708,123,3708,14,고전게임,0.9%
3709,123,3709,15,TFT,0.7%
3710,123,3710,16,WOW,0.7%
3711,123,3711,17,오버워치,0.5%
3712,123,3712,20,스페셜포스,0.4%
3713,123,3713,22,G-STAR,0.4%
3714,123,3714,23,아이온,0.4%
3715,123,3715,24,거상,0.3%
3716,123,3716,25,Blade N Soul,0.2%
3717,123,3717,26,디아블로2,0.2%
3718,123,3718,27,스타2,0.2%
3719,123,3719,28,철권,0.2%
3720,124,3720,29,마인크래프트,0.2%
3721,124,3721,30,프리스타일,0.1%
3722,124,3722,1,LOL,34%
3723,124,3723,2,배틀그라운드,17.4%
3724,124,3724,3,스타,15.3%
3725,124,3725,5,피파온라인4,4.8%
3726,124,3726,7,PC 기타게임,1.8%
3727,124,3727,8,스팀게임,1.6%
3728,124,3728,9,비디오게임,1.5%
3729,124,3729,10,리니지,1.5%
3730,124,3730,11,TFT,1.4%
3731,124,3731,12,WOW,1.1%
3732,124,3732,14,GTA5,0.9%
3733,124,3733,15,고전게임,0.8%
3734,124,3734,16,오버워치,0.7%
3735,124,3735,17,아이온,0.6%
3736,124,3736,19,로스트아크,0.5%
3737,124,3737,22,Blade N Soul,0.4%
3738,124,3738,23,거상,0.3%
3739,124,3739,25,디아블로2,0.2%
3740,124,3740,26,테일즈런너,0.1%
3741,124,3741,27,마인크래프트,0.1%
3742,124,3742,28,사이퍼즈,0.1%
3743,124,3743,29,버블파이터,0.1%
